Scenario,Keywords,Question,Guidelines Targeted,Postpartum Screening Questions (2-5),misinformation/ disinformation,Addressing misinformation,Midwifery Advice / Medical solution,Unnamed: 8,Unnamed: 9,Unnamed: 10,Unnamed: 11,Unnamed: 12,Unnamed: 13,Unnamed: 14,Unnamed: 15,Unnamed: 16,Unnamed: 17,Unnamed: 18,Unnamed: 19,Unnamed: 20,Unnamed: 21,Unnamed: 22,Unnamed: 23,Unnamed: 24,Unnamed: 25
maria 32 year old woman give birth second child experience severe postpartum bleed concerned condition believe postpartum bleed bad omen relate wicth craft especially occur consecutive pregnancy,"Postpartum care, Postpartum bleeding, Second child",What immediate actions should be taken to manage Maria's postpartum bleeding? What factors should be considered in her postpartum care?,"Postpartum Care, Management of Postpartum Hemorrhage",1. How many Antenatal visits did the patient attend? 2. Has the patient had a similar situation with her first baby? ,Believing that postpartum bleeding is a bad omen related to wicth craft especially if to occurs in consecutive pregnancies,"No, postpartum bleeding isn't witch craft caused, it can be due to retained contents in the uterus resulting in its failure to contract, or excessive uterine distension following polyhydramnious or multiple pregnancy among others.","This is a medical emergency, the health worker calls for help. With help of a multi sectorial team, Maria is counselled about the situation, and then cannulated with 2 large bore cannulas 16G, blood sample is taken for blood grouping and cross matching, 1 litre of Normal saline is administered with 20IU oxytocin. Oxytocin 10IU is also administered IV, If the placenta is delivered, the Uterus is massaged , tears in the birth canal are checked . If not, it is removed by manual removal.",,,,,,,,,,,,,,,,,,
aisha 28 year old first time mother feel overwhelmed exhausted birth baby unsure take care newborn tell new born fall sick time burden,"Postpartum care, Overwhelmed, First-time mother, Newborn care",What advice would you give to Aisha on self-care and newborn care in the postpartum period? What postpartum care services should she consider?,"Postpartum Care, Care of the Newborn, Mental Health",1.Does the patient know about cord care? 2.Does the patient know about any danger signs of the new born?, Believing that new borns fall sick all the time and they are burdens.  Believing that cow milk has the same nutritional value as breast milk.   Believing that applying honey to the cord stamp facilitates healing process.,"Aisha needs to know that baby's need special care, such as maintaining proper hygiene. It's unhygieneic environments that expose babies to sicknesses but babies themselves are not burdens.",Aisha needs to be counselled on exclusive breast feeding for upto 6 months. Aisha needs to be advised on routine and timely immunisation in order to raise a healthy baby. Aisha is advised to have a caretaker or helper forexample a sister or a housemaid depending on the econonmy to help with the increased work load or responsibilities . Aisha needs to be taught how to perform cord care using lukewarm saline water. ,,,,,,,,,,,,,,,,,,
sarah 30 year old woman struggle breastfeed newborn due sore nipple tell crack nipple natural sign stop breast feed baby frustrate consider switch formula feed,"Postpartum care, Breastfeeding, Sore nipples, Formula feeding",How would you address Sarah's breastfeeding difficulties and sore nipples? What strategies would you recommend to support successful breastfeeding?,"Postpartum Care, Breastfeeding Support, Cracked/Sore Nipples",Did the patient attend ANC visits? Did the patient attend post partum visits at the health facility to inquire about any of the recommended stategies? 1. Does the patient know about proper baby positioning during breast feeding?,Believing that cracked nipples are natural signs that they should stop breast feeding the baby.,"No, cracked nipples are not signs that one must stop breastfeeding their baby, rather a sign to check the attachment technique.",Sara is advised not to stop breasf feeding.   Sara is told to leave the breast to dry. after applying expressed breast milk on the  cracked areas.     Sara is taught about the proper breast attachment technique by demonstration. Sara's breast is examined to determine the severity of the cracks. Routine check ups are scheduled to follow up the healig process.,,,,,,,,,,,,,,,,,,
naomi 35 year old woman develop fever abdominal pain four day deliver third child worried condition acholi culture believe pueperal sepsis punishment god,"Postpartum care, Fever, Abdominal pain, Third child",What steps should be taken to assess and manage Naomi's fever and abdominal pain in the postpartum period? What additional postpartum care might she need?,"Postpartum Care, Puerperal Sepsis, Health Assessment",1. Does the patient know about the proper self care after birth?   2.Has the patient been resuming sex so early immediately after birth?,Believing  that pueperal sepsis is a punishment from the gods?,"Pueperal sepsis is a medical complication that can be treated or managed medically . Naomi should lso be advised to abstain from sexual intercourse for at least 6 
weeks.  ","Malaria test to rule out Malaria, Urinalysis to rule out UTIs  Administer broad spectrum antibiotics ie Ampicillin 500mg 6hourly PLUS 
Gentamycin 80mg 12 hourly PLUS IV 
Metronidazole 500mg 8hourly for 3 
days",,,,,,,,,,,,,,,,,,
chloe 27 year old woman experience depressive symptom two week give birth feels detach baby struggle cope think give birth particular baby sex divine punishment,"Postpartum care, Depressive symptoms, Detachment, Struggling",How would you approach Chloe's depressive symptoms and feelings of detachment in the postpartum period? What support services should she be referred to?,"Postpartum Care, Mental Health, Support Services",1. Does the patient have a suppotive partner?  2. Does the patient love the baby's sex? 3. Was the conception deliberate? 4. Do u think of ending your life? 5.Does the patient ever think of hurting the baby? ,"Believing that giving birth to a particular baby sex, is a divine punishment . This mainly occurs among abundoned post partum mothers.",Any successful labor and birth is actually a blessing as many ladies are always visiting fertility clinics with an intent to have a successful conception.,Mother needs counselling and guidance on management of depression. Mother should never be left alone as this amplifies the depression. Mother should be linked to counselling department.,,,,,,,,,,,,,,,,,,
ava 25 year old woman suffer severe constipation hemorrhoid give birth first child seek relief symptom tell friend haemorrhoid masse colon,"Postpartum care, Constipation, Hemorrhoids, First child",What recommendations would you provide to Ava for managing constipation and hemorrhoids in the postpartum period? What postpartum care should she receive?,"Postpartum Care, Hemorrhoids, Constipation",Have you suffered haemorrhois before? Are there any specific foods that woren your pain when eaten?,Believeing  that  haemorrhoids are just masses in the colon ,"Haemorrhoids are extended blood vessels, that prorude into the rectum",Advising mother to increase water in take.   Advising mother to implement sit baths.,,,,,,,,,,,,,,,,,,
emily 31 year old woman concerned weight gain pregnancy believe weight gain pregnancy permanent eager return pre pregnancy weight unsure start,"Postpartum care, Weight gain, Pre-pregnancy weight, Concerned",How would you address Emily's concerns about her weight gain and desire to return to her pre-pregnancy weight? What postpartum care advice would you give her?,"Postpartum Care, Weight Management, Health Education",Is the patient worried about her body image? Is the patient willing to live a bit restriced life to gain back the normal weight? ,"She believes that, the weight gained during pregnancy is permanent. The accompanied body shape changes too are permanent.",Weight gain during pregnancy is due to the body's adaptation in order to accomodate the growing fetus but after delivery there is possiblity of returning to the pre-pregnancy weight,"Advise the mother to maitain regular physical exercises, such as walking for over 20minutes in order to burn some calories. Advise the mother to manage her diet, by reducing fatty foods.",,,,,,,,,,,,,,,,,,
abigail 29 year old woman develop urinary incontinence deliver second child embarrassed seek help condition think condition cure,"Postpartum care, Urinary incontinence, Second child, Embarrassed",How would you address Abigail's urinary incontinence in the postpartum period? What strategies would you recommend to manage her condition?,"Postpartum Care, Urinary Incontinence, Health Assessment","Has the patient talked to her spouse about this and what was his response?  How long has it taken? Has the patient ever had a similar condition before other two pregnancies? Does it happen when you cough, or sneeze ?","Tthinking that this condition has no cure. Some mothers think, it affects fertility.",Urinary incontinence has cure and it can be treated by a urologist.,Doing pelvic floor exercises and start wearing absorbent undergarments . Also bladder retraining that involves gradually increasing time until urination.,,,,,,,,,,,,,,,,,,
sophia 34 year old woman feel anxious resume sexual activity give birth tell post delivery sex painful question contraception change body,"Postpartum care, Sexual activity, Contraception, Anxiety",How would you address Sophia's anxiety about resuming sexual activity and questions about contraception in the postpartum period? What postpartum care should she receive?,"Postpartum Care, Sexual Health, Contraception","What type of birth did you have? Was it a prolonged labor? Were there any complications involved such as tears among others? Have you healed, do u personally feel ready for intercourse?",Believing that post delivery sex is painful . Others believe that the sex will never be the same again. ,Sexual intercourse after delivery is alright as long as the body is allowed enough time to heal. ,"Sex should be resumed in 4 to 6 weeks, Care must be taken to use family planning methods in order to enable child spacing. Exclusive breast feeding can be a natural family planning method in case the couple can not opt for other available methods.",,,,,,,,,,,,,,,,,,
isabella 33 year old woman struggle sleep deprivation birth twin feel overwhelmed unable care baby western culture believe moment give birth must endure new life suffer,"Postpartum care, Sleep deprivation, Twins, Overwhelmed",How would you support Isabella in managing sleep deprivation and feeling overwhelmed in the postpartum period? What postpartum care services should she consider?,"Postpartum Care, Sleep Management, Mental Healt",Do you feel like you are detached from the babies? Are they feeling like  a burden?,Believeing that the moment you give birth you must endure a new life of suffering.,"After birth, the postnatal woman can acquire a helper.",Advise the mother to get a helper and start sleeping about 8 hours of sleep. Breastfeeding the babies to satisfaction will allow them to sleep off and this will also provide a mother with enough time to sleep too.,,,,,,,,,,,,,,,,,,
gabriela 24 year old woman trouble bond newborn often feel irritable impatient baby affect mood lango culture believe sex preffere,"Postpartum care, Bonding, Irritable, Impatient",What interventions would you suggest to help Gabriela improve her bonding with her newborn and manage her irritability? What postpartum care should she receive?,"Postpartum Care, Mental Health, Bonding with Newborn",Is this baby the sex you wanted? Is the father of the baby okay with the baby? How was your birth experience?, Believing that some sexes are preffered than others.,The sex of the baby is determined by the man's sperms and therefore  a woman should not be blamed for the sex of the baby by her husband.,"Advise Gabriela to join counselling sessions. Advise Gabriella to interact with other mothers who have gone through the same experience, as this will prove to her that it's not the end of life.",,,,,,,,,,,,,,,,,,
mia 26 year old woman experience severe back pain epidural anesthesia childbirth worried impact daily activity always hear pear say back pain permanent,"Postpartum care, Back pain, Epidural anesthesia, Daily activities",How would you assess and manage Mia's back pain in the postpartum period? What advice would you give her regarding postpartum care and daily activities?,"Postpartum Care, Back Pain, Health Assessment",Has the patient gone for a post partum follow up visit to the health centre.? Did the patient seek informationabout the exercabating and relieving factors of the pain? ,Believeing that the back pain is permanent.,Pain due to epidural anaesthesia usually disappears in few weeks. It is not permanent.,"In relation to her pain scale, she is advised to use of massage, physical exercises, cold and warm compress.  Pain medication would also be advised in server pain for relieving pain.",,,,,,,,,,,,,,,,,,
amelia 28 year old woman concerned hair loss give birth first child seek advice minimize hair loss improve hair health think hairloss permanent,"Postpartum care, Hair loss, First child, Hair health",How would you address Amelia's concerns about postpartum hair loss? What strategies would you recommend to support healthy hair in the postpartum period?,"Postpartum Care, Hair Loss, Health Education",Has the patient attended any follow up visit to the health centre? Did the patient ask right information to proove whether hairloss is permanent? ,Believing that the hairloss is permanent.,"The hair loss is not a permanent problem, it is just due to the falling in the level of a hormone called estrogen in the body afer birth.","Advise on proper nutrition, feed on protein foods such as meat and Vitamin rich foods such as Fresh fruits like oranges, mangoes.      The hair will be returned on its own.",,,,,,,,,,,,,,,,,,
lily 30 year old woman develop mastitis right breast two week give birth western region believedthat mastitis breast cancer experience pain concerned breastfeed,"Postpartum care, Mastitis, Breastfeeding, Pain",How would you approach the assessment and treatment of Lily's mastitis in the postpartum period? What recommendations would you provide for continued breastfeeding?,"Postpartum Care, Mastitis, Breastfeeding Support", Has the patient attended any post natal visits to seek advise from the health workers? Does the patient know about danger signs in the post partum period?,Believing that mastitis is breast cancer.,"No mastitis is the inflammation of the breast that results into breast swelling ad pain, but it's not a cancer."," Counsel and reassure the mother, then encourage breastfeeding on the unaffected breast. Then  demonstrate proper position and breast attachment Then place warm compress over the breast before breastfeeding to allow free flow of milk.  Then apply cold compress to affected breast after breastfeeding. 	 Give antibiotics ( oral flucloxacillin 
500mg 8 hourly for 5 days or ampiclox 
500 mg 6 hourly for 5 days, 
 Oral analgesia, ibuprofen 400mg 8 
hourly for 3 days or paracetamol 1gm 8 
hourly for 3 days. ). ",,,,,,,,,,,,,,,,,,
scarlett 31 year old woman struggle feeling isolation give birth live far family seek support connection believe situation unserious,"Postpartum care, Isolation, Support, Connection",How would you address Scarlett's feelings of isolation in the postpartum period? What resources and postpartum care services should she consider for support and connection?,"Postpartum Care, Mental Health, Support Services",Do you often communicate with your family? If yes how often and what means of communication do you use?,"Believing that this situation unserious, but it can lead to depressive symptoms if it lasts for long.",Isolation is a serious situation which needs to be addressed,It can be addressed through constant visits and calls with the family members.,,,,,,,,,,,,,,,,,,
chloe 25 year old woman concern possibility postpartum depression history depression want prevent affect postpartum experience tell fellow karamojong post partum depression common weak minded people,"Postpartum care, Postpartum depression, History of depression, Prevention","How would you approach Chloe's concerns about postpartum depression, given her history of depression? What preventive strategies would you recommend in her postpartum care?","Postpartum Care, Postpartum Depression, Mental Health",Does the Patient have enough sleep? Do you like the gender of the baby? ,Believeing that Post partum depression is common in weak minded people,"It's not only for the weak minded, but there is a significant contribution from the envirnmemtal factors.","Since decreased sleep is associated with postpartum depression, It's better to have enough sleep and exercise in order to curb depressive symptoms.",,,,,,,,,,,,,,,,,,
nora 29 year old woman develop stretch mark give birth self conscious appearance seek advice minimize culture assume stretch mark permanent body change,"Postpartum care, Stretch marks, Self-conscious, Appearance",How would you address Nora's concerns about stretch marks in the postpartum period? What recommendations would you provide for managing and reducing the appearance of stretch marks?,"Postpartum Care, Stretch Marks, Health Education",Has the patient had stretch marks before in previous pregnancies? Has the patient ever shared about this condition with health workers to seek right information about stretch marks?,Assuming that stretch marks are a permanent body change.,"No, stretch marks only appear as a sign of increased body weight which occured during pregnancy but they are not permanent.","Patiently wait, for the stretch marks to disappear on their own.  Apply topical gels with hyaluronic acid can also help.",,,,,,,,,,,,,,,,,,
emily 28 year old woman experience urinary tract infection utis give birth worried impact utis postpartum recovery believe utis permanent cure,"Postpartum care, Urinary tract infections, Postpartum recovery, Concerned",How would you approach the assessment and treatment of Emily's UTIs in the postpartum period? What postpartum care should she receive to prevent recurrent UTIs?,"Postpartum Care, Urinary Tract Infections, Health Assessment",Have you tested your partner also for UTI? Are u staying in a place where bathrooms are used communally?,Believeing that UTIs have no permanent cure.,UTIs have cure in case the patient adheres to medication and applies life style changes.,Test and treat partner. Adhere to medication. Maintaining proper sanitation.,,,,,,,,,,,,,,,,,,
emma 27 year old woman struggle night sweat give birth find challenge sleep seek advice manage night sweat tell night sweat harmful one health,"Postpartum care, Night sweats, Sleep, Management",How would you address Emma's concerns about night sweats in the postpartum period? What strategies would you recommend for managing night sweats and improving sleep?,"Postpartum Care, Night Sweats, Sleep Management",Does the patient know about danger signs in the post partum period? Have you taked to other post partum mothers who have shared the same experience.,Believing that night sweats are harmful to one's health.,Night sweats are not harmful to the mother's health because they are just a result of changing hormonal levels ,Sleeping on a towel to absorb the sweat.   Turn on air conditioner at night.          Taking less hot tea in the night.     Sleeping. Drinking cold water before sleep.,,,,,,,,,,,,,,,,,,
isabella 33 year old woman concern impact episiotomy scar sexual health experience pain discomfort intercourse belief episiotomy scar heal forever,"Postpartum care, Episiotomy scar, Sexual health, Pain, Discomfort",How would you approach Isabella's concerns about her episiotomy scar and sexual health? What recommendations would you provide for managing pain and discomfort during intercourse?,"Postpartum Care, Episiotomy Scar, Sexual",Have you had episiotomy in the earlier pregnancies? Do u have any friends who have suffered the same problem before?,Believing that episiotomy scars do not heal forever.,"No, episiotomy scars really do heal if treated well.",Some sexual positions should be avoided.    Taking regular warm sit baths. ,,,,,,,,,,,,,,,,,,
ava 35 year old woman recently give birth third child feel overwhelmed exhausted struggle manage responsibility yet society believe woman give birth suppose bear responsibility baby,"Postpartum care, Overwhelmed, Exhausted, Responsibilities",How would you approach Ava's feelings of being overwhelmed and exhausted in the postpartum period? What resources and postpartum care should she consider for support and stress management?,"Postpartum Care, Mental Health, Support Services",How were you handing the responsibilities in the previous pregnancies? Did u hire helpers? or u acquired help from relatives?,"Society has organised it in a way that, once a woman gives birth, she is supposed to bear all the responsibilities of the baby. Some believe that a busy woman heals faster.",Such post partum mothers are still going through healing process and need to be assisted to go through it.,Finding helpers and house maids can help. ,,,,,,,,,,,,,,,,,,
sofia 24 year old japadhola woman difficulty breastfeed newborn due invert nipple feel anxious seek support inlaw say invert nipple correct,"Postpartum care, Breastfeeding, Inverted nipples, Anxious",How would you address Sofia's concerns about breastfeeding with inverted nipples? What interventions and postpartum care can support her in successful breastfeeding?,"Postpartum Care, Breastfeeding Support, Inverted Nipples",Has the patient attended health education talks to seek quality information? .,"Believing that Inverted nipples can not be corrected, ",Inverted nipples can be managed and restored to normal.,Management includes use of Hoffmanâ€™s technique: This consists of a manual home exercise for drawing out the nipple.  Also use of sunctioning technique to pull ot the nipple.,,,,,,,,,,,,,,,,,,
lucy 28 year old woman experience heavy bleed two week give birth worried health seek guidance always think bleeding mere abnormal menstrual period,"Postpartum care, Heavy bleeding, Health, Guidance",How would you assess Lucy's heavy bleeding in the postpartum period? What recommendations would you provide for managing heavy bleeding and ensuring her health?,"Postpartum Care, Heavy Bleeding, Health Assessment","How many pads do u use in a day for such a bleeding? Are there any associated issues such as chills, fever, or lower abdominal pain?",Assuming that heavy bleeding is abnormal  menstrual periods,The descernment should be made bya clinician. The mother needs to go and see a health worker., Assess for any poorly repaired perineal tears. Perform an USS to rule out the cause of the bleeding. Manage as secondary Post Partum Heamorrhage.,,,,,,,,,,,,,,,,,,
grace 30 year old woman experience pelvic pain discomfort give birth struggle daily activity seek advice culture believe pelvic pain due broken bone shall never regain normal position,"Postpartum care, Pelvic pain, Discomfort, Daily activities",How would you approach the assessment and management of Grace's pelvic pain in the postpartum period? What postpartum care should she receive to improve her comfort and daily activities?,"Postpartum Care, Pelvic Pain, Health Assessment",Has the patient visited health workers to seek proffessional guidance? What are the pain relieving factors?," Believing that,the pelvic pain is due to broken bones that shall never regain normal position.","Pelvic pain is not necessaliry due to broken bones, rather a contribution of different factors such as muscle stretches among others.",Pelvic exercises to relieve pain.  Prescribe analgesic medications.,,,,,,,,,,,,,,,,,,
ella 27 year old woman feel stress care newborn manage career struggle time management seek support culture believe hardwork perseverence make post partum woman hard make healing fast,"Postpartum care, Stress, Newborn care, Career, Time management",How would you address Ella's concerns about stress and time management in the postpartum period? What resources and postpartum care should she consider for support and stress management?,"Postpartum Care, Mental Health, Support Services",Has the patient ever shared about this condition with health workers to seek proffessional guidance? What are the pain relieving factors learnt?,Believing that hardwork and perseverence makes them harder and makes their healing faster,"Where as hardwork is good, postpartum period is a progressive healing  process.",Employ a house maid to help with the house work. Seeking advise from other mothers in the community.,,,,,,,,,,,,,,,,,,
harper 32 year old woman notice swell leg give birth concerned impact mobility seek advice believe swelling leg due infection,"Postpartum care, Leg swelling, Mobility, Concerned",How would you assess and manage Harper's leg swelling in the postpartum period? What postpartum care should she receive to improve her mobility and reduce swelling?,"Postpartum Care, Leg Swelling, Health Assessment",On which part of the legs does the swelling end? Does it pain? How long has it lasted?,Believing that the swelling of the legs is due to an infection.,The retention of water after birth is a physiological process and not pathological. It is due to progesterone hormone.,Always have a stool to raise her legs while sitted.     It resolves in a few weeks.,,,,,,,,,,,,,,,,,,
olivia 26 year old woman experience intense mood swing irritability give birth worried impact relationship seek guidance believe fault mood swing,"Postpartum care, Mood swings, Irritability, Relationships",How would you approach Olivia's concerns about mood swings and irritability in the postpartum period? What postpartum care should she consider for managing her emotions and improving her relationships?,"Postpartum Care, Mood Swings, Mental Health", Have you been experiencing the same feelings for the previous pregnancies?,"Believing that, it's the mother's fault that she is having mood swings. ","Mood swings, attimes called baby blues happen due to hormonal imbalances following child birth forexample a decline in thyroid hormones and it's never the mother's fault.",Counselling and guidance sessions.,,,,,,,,,,,,,,,,,,
madison 29 year old woman struggle low libido give birth concerned impact relationship partner seek advice believe low libido blame trauma birth process,"Postpartum care, Low libido, Relationship, Concerned",How would you address Madison's concerns about low libido in the postpartum period? What recommendations would you provide for managing low libido and supporting her relationship?,"Postpartum Care, Low Libido, Relationship Support",How was the libido or sex drive before birth?,Believing that Low libido is  to be blamed on the trauma in the birth process,Low libido after birth is due to deprivation of sleep. It is also due to fatique.Low libido is assumed to be due to the birth trauma ,Wait for the baby to grow. ,,,,,,,,,,,,,,,,,,
luna 25 year old woman feel anxious weight gain pregnancy believe weight gain result un control eat seek advice lose weight improve body image,"Postpartum care, Weight gain, Weight loss, Body image",How would you approach Luna's concerns about weight gain and body image in the postpartum period? What postpartum care should she consider for weight loss and improving her body image?,"Postpartum Care, Weight Management, Body Image", What is your previous weight? What is your height? What is your BMI?,Believing that weight gain is as a result of un controlled eating.,The weight gain in pregnancy is physiological and not to be blamed on the eating habits of the mother., Do regular physical exercises.,,,,,,,,,,,,,,,,,,
sophia 31 year old woman experience urinary incontinence give birth culture believe condition cure worried impact daily life seek guidance,"Postpartum care, Urinary incontinence, Daily life, Guidance",How would you approach the assessment and management of Sophia's urinary incontinence in the postpartum period? What postpartum care should she receive to improve her daily life and reduce incontinence?,"Postpartum Care, Urinary Incontinence, Health Assessment",Has the patient attended any follow up visit to the health centre? Did the patient seek information concerning management of the incontinence?,It's believed that this condition has no cure,Urinary incontinence has cure and it can be corrected by a urologist.,Perform Kegel exercises. Plus wearing absorbent pads,,,,,,,,,,,,,,,,,,
ava 25 year old woman suffer severe constipation hemorrhoid give birth first child seek relief symptom,"Postpartum care, Constipation, Hemorrhoids, First child",What recommendations would you provide to Ava for managing constipation and hemorrhoids in the postpartum period? What postpartum care should she receive?,"Postpartum Care, Hemorrhoids, Constipation",Have you suffered haemorrhois before? Are there any specific foods that woren your pain when eaten?,Believing that haemorrhoids are masses in the colon ,"Haemorrhoids are extended blood vessels, that prorude into the rectum",Increase water in take.  Implementing sit baths.,,,,,,,,,,,,,,,,,,
natasha 33 year old woman give birth second child via cesarean section due transverse lie experience intermittent fever wound pain heavy vaginal bleeding since return home,"Postpartum care, Cesarean section, Transverse lie, Fever, Wound pain, Vaginal bleeding","What would be your approach to assessing Natasha's symptoms post-cesarean section? What postpartum care and interventions would you recommend to manage her fever, wound pain, and heavy bleeding?","Postpartum Care, Wound Care, Fever Management, Postpartum Hemorrhage",Has the patient visited the health facility for health and education sessions to learn about associated symptoms and signs of post cesarean complications?,Some people may believe that the mother mismanaged the wound after discharge.,Surgical site infection can arise due to many factors including micro-organisms which might have entered the wound during surgery,Administer anti pyretics like paracetamol to curb the fever. Doing a complete Blood count to rule out bacteria infection.,,,,,,,,,,,,,,,,,,
emily 36 year old woman recently give birth twin one baby neonatal icu due respiratory distress emily struggle anxiety difficulty sleep also experience painful urination low abdominal pain,"Postpartum care, Twins, Neonatal ICU, Anxiety, Insomnia, Painful urination, Abdominal pain","How would you assess Emily's physical and emotional well-being postpartum, considering her twins and one in the NICU? What postpartum care would you provide for her anxiety, sleep issues, and physical discomfort?","Postpartum Care, Mental Health, Insomnia Management, UTI Management, Emotional Support",What is your recent blood pressure measurement?   Have you taken any measures to overcome the insomina?,Some peope believe that the mother is just too attached to the baby.,It's the mother-baby relationship and bond that has created this attachment,Taking short naps can help.  Joining the counselling and guidance sessions.,,,,,,,,,,,,,,,,,,
mia 28 year old woman give birth first child three week ago feel overwhelmed responsibility motherhood notice increase hair loss mia history polycystic ovary syndrome pco concerned hair loss,"Postpartum care, Overwhelmed, Hair loss, PCOS","How would you approach Mia's concerns about hair loss in the postpartum period, considering her PCOS history? What postpartum care and interventions would you recommend to address her hair loss and feelings of overwhelm?","Postpartum Care, Hair Loss, Emotional Support, PCOS Management",Do you recieve any help from the family members? Are they willing to help? Have you taken any measures to discuss your issues with a team of counsellors?,Some mothers believe that hair loss is an abnormal condition.,"Hair loss postpartum, though stressful, is a completely normal symptom of your changing hormones after birth.","Make time for regular gentle or moderate exercise, which can also help reduce stress. Ask for friends and loved ones for help taking care of the baby or even household chores.",,,,,,,,,,,,,,,,,,
ava 25 year old woman suffer severe constipation hemorrhoid give birth first child seek relief symptom believe haemorrhoid masse colon,"Postpartum care, Constipation, Hemorrhoids, First child",What recommendations would you provide to Ava for managing constipation and hemorrhoids in the postpartum period? What postpartum care should she receive?,"Postpartum Care, Hemorrhoids, Constipation",Have you suffered haemorrhois before? Are there any specific foods that woren your pain when eaten?,Mistaking haemorrhoids to be masses in the colon ,"Haemorrhoids are extended blood vessels, that prorude into the rectum",Increasing water in take.  Implementing sit baths.,,,,,,,,,,,,,,,,,,
abigail 37 year old woman give birth third child complicated labor require blood transfusion currently experience fatigue dizziness shortness breath also believe blood transfusion harmful medical management procedure lower patient immunity,"Postpartum care, Complicated labor, Blood transfusion, Fatigue, Dizziness, Shortness of breath","What would be your approach to assessing Abigail's symptoms postpartum after a complicated labor and blood transfusion? What postpartum care and interventions would you recommend to manage her fatigue, dizziness, and shortness of breath?","Postpartum Care, Fatigue Management, Blood Transfusion Follow-up, Respiratory Assessment",Are there any symptoms such as head ache? Do you have any difficulties in breathing?,Believing that blood transfusion is a harmful medical management procedure as it lowers the patient's immunity.,Blood transfusion is not harmful in anyway to the patient and it doesn't lower the patient's immunity. It rather helps in boasting the patient's blood volume.,Eating healthy foods so she can have more energy . Learn exercises to tone her  belly. Also try Kegel exercises to regain strength in pelvic muscles.,,,,,,,,,,,,,,,,,,
isabella 31 year old woman deliver baby vacuum assist vaginal delivery due prolong labor experience severe perineal pain discomfort bowel movement believe perineal pain permanent keep occur matter management,"Postpartum care, Vacuum-assisted delivery, Prolonged labor, Perineal pain, Bowel movements","How would you assess and manage Isabella's perineal pain and discomfort postpartum, especially during bowel movements, following a vacuum-assisted delivery? What postpartum care would you provide for her perineal healing and comfort?","Postpartum Care, Perineal Care, Bowel Movement Comfort, Vacuum-Assisted Delivery Follow-up","What is the amount of lochia?  Are there any signs of trauma in the perineal regions.(hematomas, tears, or lacerations)."," Believing that perineal pain is permanent, and it will keep re -occurring no matter the management.",Perineal pain can be managed and it heals completely.," Wear breathable materials, like cotton and disposable briefs, and avoid tight clothing. ",,,,,,,,,,,,,,,,,,
charlotte 34 year old woman give birth large baby shoulder dystocia currently experience pelvic pain incontinence concerned recovery believe abnormal birth punishment god,"Postpartum care, Large baby, Shoulder dystocia, Pelvic pain, Incontinence",How would you assess and manage Charlotte's pelvic pain and incontinence postpartum after giving birth to a large baby with shoulder dystocia? What postpartum care and interventions would you recommend for her pelvic health and incontinence concerns?,"Postpartum Care, Pelvic Pain, Incontinence, Shoulder Dystocia Follow-up",Are there any bowel sounds? Do you have any other associated symptoms? Have you resumed sex?,Believing that such births are God's punishments.,Abnormal births occcur randomly but are not God's punishments.,"Start daily exercise after 4 to 6 weeks, but rest when tired.",,,,,,,,,,,,,,,,,,
scarlett 29 year old woman feel anxious health premature baby currently nicu also struggle breastfeed baby unable latch properly also believe premature baby never normal,"Postpartum care, Premature baby, NICU, Anxiety, Breastfeeding, Latching issues",How would you approach Scarlett's concerns about her premature baby's health and breastfeeding difficulties in the postpartum period? What postpartum care and support would you provide to address her anxiety and breastfeeding challenges?,"Postpartum Care, Premature Baby Care, Breastfeeding Support, Mental Health",Can you demostrate  how you attach the baby to your breasts?  What is the nature of yor nipples? Are they inverted or not?,Believing that premature babies will never be normal again,Premature babies can leave NICU and grow as normal babies with time., Visit health worker to train proper baby positioning during breast feeding.,,,,,,,,,,,,,,,,,,
aria 32 year old woman experience difficulty bond newborn due feeling sadness tearfulness concerned ability care baby believe post partum bonding impossible baby,"Postpartum care, Bonding, Sadness, Tearfulness, Newborn care",How would you assess Aria's emotional well-being postpartum and her concerns about bonding with her newborn? What postpartum care and interventions would you recommend to address her feelings of sadness and improve her bond with her baby?,"Postpartum Care, Bonding, Emotional Support, Mental Health",Has the patient been connected to counselling and guidance units at the health facility?  Has the patient ever shared about this condition with friends or health workers to seek proffessional guidance?,Believing that post partum bonding is impossible in some babies.,Bonding between mother and child is natural and it's possible,Join counselling and guidance session. Also read journals about great mother -child care.,,,,,,,,,,,,,,,,,,
victoria 38 year old woman experience intense back pain follow epidural labor believe epidural pain due poor anaesthesia technique struggle care newborn perform daily activity due pain,"Postpartum care, Back pain, Epidural, Newborn care, Daily activities","How would you assess and manage Victoria's back pain postpartum, following an epidural during labor? What postpartum care would you provide to improve her comfort and ability to care for her newborn and perform daily activities?","Postpartum Care, Back Pain, Epidural Follow-up, Newborn Care",How do you rate the back pain on a scale of 0 to 10? Are there any signs of headache and blurred visions?,Believing that epidural pain is due to poor anaesthesia technique,"No, the epidural pain is a side effect  of the anesthetic drugs",Take enough water. Keeping hydrated helps to alleviate the symptoms of headache.,,,,,,,,,,,,,,,,,,
chloe 26 year old woman struggle feeling resentment frustration toward partner involve newborn care expect seek support advice believe husband non involvement due lack love child,"Postpartum care, Resentment, Frustration, Partner support, Newborn care",How would you approach Chloe's concerns about her partner's involvement in newborn care and her feelings of resentment and frustration postpartum? What postpartum care and interventions would you recommend to improve her relationship and support her in newborn care?,"Postpartum care, Resentment, Frustration, Partner support, Newborn care",What activties do u do to reduce the frustration? ,Believing the husband's non- involvement is due to lack of love for both her and her child.,The partner may be busy with work but still loves the family. A torough assessment needs to be done.,Calling for a counselling session will help.,,,,,,,,,,,,,,,,,,
naomi 42 year old woman history multiple miscarriage give birth first child ivf treatment experience excessive vaginal bleeding also concerned ability breastfeed baby believe loss blood via vaginal bleeding affect milk production,"Postpartum care, IVF, Excessive vaginal bleeding, Breastfeeding concerns","Considering Naomi's history of miscarriages and IVF treatment, what diagnostic tests would you order to investigate the cause of her excessive vaginal bleeding? What multidisciplinary approach would you adopt to support her breastfeeding concerns?","Postpartum Care, Postpartum Hemorrhage, Breastfeeding Support, IVF Follow-up","There is a need to rule out hematologic disorders, infections, and oncologic problems.",Believing that loss of blood via vaginal bleeding affects milk production.,Such conditions require a medical check up.,Do a complete blood count to measure the haemoglobin levels in  blood.,,,,,,,,,,,,,,,,,,
hannah 24 year old woman give birth first child recover fourth degree perineal tear struggle pain management emotional distress afraid future sexual dysfunction believe 4th degree tear heal,"Postpartum care, Fourth-degree perineal tear, Pain management, Emotional distress, Sexual dysfunction concerns","Given Hannah's fourth-degree perineal tear, how would you design a comprehensive pain management plan incorporating both pharmacological and non-pharmacological interventions? What multidimensional support and resources would you provide to address her emotional distress and fears of future sexual dysfunction?","Postpartum Care, Perineal Tear Management, Pain Management, Emotional Support, Sexual Health",Are you taking the medications so deligently and on time? Is the pain affecting your daily activities? have the sutures gotten absorbed?,Believing that 4th degree tears do not heal.,4th degree tears do heal with proper medical managment and drug adherence.,"Begin doing your pelvic floor exercises as soon as after the birth this will increase the blood supply and help with healing. Drink plenty of water at least eight glasses a day, to dilute your urine.  A single dose of broad-spectrum antibiotics (such as cefotetan or cefoxitin) is advised.",,,,,,,,,,,,,,,,,,
sophie 35 year old woman develop preeclampsia postpartum twin pregnancy blur vision headache difficulty breathe believe preeclampsia witch craft,"Postpartum care, Twin pregnancy, Postpartum preeclampsia, Blurred vision, Headache, Difficulty breathing","Given Sophie's postpartum preeclampsia following a twin pregnancy, what immediate medical interventions would you implement to manage her symptoms of blurred vision, headache, and difficulty breathing? How would you monitor her recovery, and what long-term follow-up assessments and lifestyle modifications would you recommend?","Postpartum Care, Postpartum Preeclampsia, Twin Pregnancy Follow-up, Respiratory Assessment, Neurological Assessment",Have you had such a condition in the prior pregnancies?    Have you had normal blood pressure readings prior the pregnancy? ,Believing that preeclampsia witch craft,Pre-eclampsia is a condition whose chances of expressing are increased among multiple pregnancies. It is not witch craft.,"Tabs methyldopa 500mg stat, Insert a urinary catheter to monitor urine output, administer oxygen via an oxygen mask, Inform other team members. Counsel the patient.",,,,,,,,,,,,,,,,,,
amelia 27 year old woman history bipolar disorder deliver baby three week ago experience mood swing irritability sleep disturbance believe bipolar condition never allow raise baby successfully,"Postpartum care, Bipolar disorder, Mood swings, Irritability, Sleep disturbances","Considering Amelia's history of bipolar disorder, how would you assess her postpartum mood swings, irritability, and sleep disturbances? What collaborative approach would you take with her mental health provider to develop a tailored care plan, including medication management and psychosocial support?","Postpartum Care, Mental Health, Sleep Disturbances, Mood Swings, Collaborative Care",How often do the mood swings occur. What triggers the mood swings?. Is there any thing in the environment that triggers Amelia's mood swings?,Believing that bipolar condition will never allow her to raise the baby successfully.,Bipolar disorder can be managed in a multi sectorial approach and the mother can possibly raise her baby.,"Prescribe mood stablizers such as valproic acid (Depakene), divalproex sodium (Depakote), carbamazepine . Also remove any environmental factors that trigger mood swings",,,,,,,,,,,,,,,,,,
isabelle 31 year old woman undergo emergency cesarean section due fetal distress experience incisional pain redness swell believe operation perfectly,"Postpartum care, Emergency cesarean section, Fetal distress, Incisional pain, Redness, Swelling","Given Isabelle's emergency cesarean section due to fetal distress, how would you assess her incisional pain, redness, and swelling? What multidimensional interventions would you recommend to manage her wound complications and promote optimal healing while addressing her emotional and psychological needs?","Postpartum Care, Cesarean Section Follow-up, Wound Care, Emotional Support, Psychological Support",When was the operation done? Have you been taking the prescribed medication as prescribed? How do you measure the pain on a scale of ten.,Believing that the operation was not done perfectly,Pain and redness are inflammatory signs and symptoms and usually can be managed medically. It's not a direct reflection of an imperfect operation.,"IV metro 400mg tds for 5 days, IM diclofenac 75mg tds for 5 days and routine surgical site cleaning.",,,,,,,,,,,,,,,,,,
abigail 32 year old woman gestational diabete deliver baby vacuum assist delivery concerned baby blood sugar level ability breastfeed believe sugar level baby abnormal even testing,"Postpartum care, Gestational diabetes, Vacuum-assisted delivery, Baby's blood sugar levels, Breastfeeding concerns","Considering Abigail's history of gestational diabetes and vacuum-assisted delivery, how would you monitor her baby's blood sugar levels and assess the baby's overall health? What interdisciplinary approach would you take to address her breastfeeding concerns and provide education on optimal nutrition for both her and her baby?","Postpartum Care, Gestational Diabetes Follow-up, Vacuum-Assisted Delivery Follow-up, Blood Sugar Monitoring, Breastfeeding Support, Nutrition Education","Monitor the baby's urge to breastfeed, is it so frequent? ",Believeing that the sugar levels of the baby are abnormal even before testing,"Before any intervention, the results of the test are a prerequisite","Three to four hours of life, a  a heel-prick blood test is done to tell the blood sugar level of the baby. The results will determine the breast feeding routine. For accurate results, this test ought to be done before the baby's second feed.",,,,,,,,,,,,,,,,,,
ella 28 year old woman give birth second child experience postpartum depression struggle bond daily function care toddler newborn also believe post partum depression natural specific cause,"Postpartum care, Postpartum depression, Bonding, Daily functioning, Caring for multiple children","Given Ella's postpartum depression and challenges with bonding and daily functioning, what comprehensive assessment and management plan would you develop to support her mental health, facilitate bonding, and improve her ability to care for her toddler and newborn? How would you involve her family in her care plan?","Postpartum Care, Postpartum Depression, Bonding, Family Support, Parenting Support","Are there specific triggers of depression?, Are there any pre-pregnancy histories that we need to discuss, forexample was the pregnancy got through rape? Is the partner supportive etc",Believing that post partum depression is natural and it has no specific cause.,"Such post parturm depression is always attributed to some factors suh as unwanted sex of the baby or other factors such as non supportive partner. If well handled, a mother can go through it successfully.","Never leave a depressed person alone for long, solitude amplifies depression. Provide company and guidance. Counselling and use pharmacological therapy as last resort.",,,,,,,,,,,,,,,,,,
sophia 33 year old woman develop high fever abdominal pain deliver baby history crohn disease concerned impact postpartum complication condition believe specific cure crohns disease,"Postpartum care, Fever, Abdominal pain, Crohn's disease","Considering Sophia's postpartum fever, abdominal pain, and history of Crohn's disease, how would you investigate the cause of her symptoms and manage her postpartum complications? What collaborative approach would you take with her gastroenterologist to address her Crohn's disease and optimize her overall health during the postpartum period?","Postpartum Care, Fever Management, Abdominal Pain, Crohn's Disease, Collaborative Care",What medications were you using for crohn's disease? Have you made any imagery for the status of your GIT ? ,"Believing that there is a specific cure for Crohns's disease, which is not true.",The cause of Crohn's disease is unknown. Medics think that an autoimmune reaction may be one cause.,"Crohn's disease cannot be cured. Medications such as steroids and immunosuppressants are used to slow the progression of disease. If these aren't effective, a patient may require surgery",,,,,,,,,,,,,,,,,,
ava 29 year old woman give birth baby syndrome experience feeling guilt grief anxiety baby future also believe fault punishment bad deed,"Postpartum care, Down syndrome, Guilt, Grief, Anxiety","Given Ava's feelings of guilt, grief, and anxiety related to her baby's Down syndrome diagnosis, how would you provide emotional support and counseling during the postpartum period? What resources and referrals would you offer to help her navigate her baby's medical needs, early intervention services, and family support?","Postpartum Care, Emotional Support, Counseling, Down Syndrome Resources, Early Intervention Services, Family Sup",Has the patient attended health education talks to seek quality guidance? Have you had any member of your family who has ever had such a baby?,Believing that it's her fault or that it's a punishment for her bad deeds. Or that it's the father's genes. ,"No, down's syndrome is not caused as a punishement for on'es deeds, it's rather a genetic disorder caused when abnormal cell division results in extra genetic material from chromosome 21.",Early intervention programmes with a team of therapists and special educators who can treat each child's specific situation are helpful in managing Down's syndrome,,,,,,,,,,,,,,,,,,
sarah 34 third time mother two previous cesarean section homemaker live suburban area husband two child sarah family history high blood pressure mother complication blood clot pregnancy sarah concerned postpartum recovery potential risk associate family history believe disease minor condition need serious attention,"Cesarean section, Suburban, High blood pressure, Blood clot","Develop a comprehensive postpartum care plan for Sarah considering her surgical history, family history, and social circumstances. What measures would you recommend to mitigate her risks and ensure a smooth recovery?","Postpartum care, Management of hypertensive disorders in pregnancy, Management of thrombosis in pregnancy, Intrapartum care for mothers with previous C-section",Is the patient willing to live a discipline kind of life in order to manage this condition?,Believing that this disease is a minor condition and does not need any serious attention,"Hypertension , though is a silent condition, is a serious condition that needs attention and regular monitoring.","Attend regular blood pressure check ups, avoid stressful conditions which  would raise blood pressure. Avoid excess work load.",,,,,,,,,,,,,,,,,,
tina 28 second time mother history gestational diabete first pregnancy natural delivery live rural area husband farmer two child tina mother stroke young age father heart disease tina worried health postpartum potential risk child culture believe condition punishment god,"Gestational diabetes, Natural delivery, Rural area, Stroke, Heart disease","Develop a comprehensive postpartum care plan for Tina, considering her medical, family, and social history, as well as her previous history of gestational diabetes. What recommendations would you make for managing her health and preventing future risks for her and her children?","Postpartum care, Management of diabetes in pregnancy, Management of stroke in pregnancy, Management of heart disease in pregnancy, Care of the newborn",Has the patient sought for quality information from the health workers?  Are there any supportive partners or care takers?,Believing  that such conditions are punishments from gods.,"Pregnancy makes the blood more likely to clot, which can lead to stroke. This increased risk for clotting happens in part because swelling from pregnancy can reduce blood flow to the lower legs.","Do aerobic exercise like walking, swimming and dancing for about 30 minutes to an hour three to five days per week.  Eat plenty of whole fruits and vegetables.
,Moderate amounts of lean proteins and healthy fats.
,Moderate amounts of whole grains, such as bread, cereal, pasta, and rice, plus starchy vegetables, such as corn and peas.
,Fewer foods that have a lot of sugar, such as soft drinks, fruit juices, and pastries.",,,,,,,,,,,,,,,,,,
laura 32 first time mother cesarean section due breech presentation accountant live city husband chef laura family history thyroid problem sister postpartum depression laura concerned postpartum recovery mental well believe condition family member also automatically affect,"Cesarean section, Breech presentation, Accountant, Thyroid problems, Postpartum depression","Develop a comprehensive postpartum care plan for Laura, considering her surgical history, family history, and social circumstances. What measures would you recommend to support her physical and mental health during the postpartum period?","Postpartum care, Management of thyroid disorders in pregnancy, Management of breech presentation, Management of postpartum depression",Does she have a supportive partner? Does she have caring people to provide company and leviate loneliness?,Believing that conditions of other family members will also automatically affect her. ,"Having a family history of a condition  is just a risk factor for that condition but not an assured guarantee , therefore Laura needn't worry but just needs to be keen and prepared.","An important element of managing postpartum depression is therapy. Therapy comes in many forms, including group therapy settings",,,,,,,,,,,,,,,,,,
emily 27 second time mother natural delivery first child nurse live urban area husband police officer two child emily family history anemia experience severe morning sickness first trimester also believe anaemia spiritual disease spirit suck someone blood without knowledge emily worried energy level manage postpartum responsibility,"Natural delivery, Urban area, Anemia, Morning sickness","Develop a comprehensive postpartum care plan for Emily, considering her medical, family, and social history, as well as her previous experiences with anemia and morning sickness. What recommendations would you make for managing her energy levels and supporting her postpartum responsibilities?","Postpartum care, Management of anemia in pregnancy, Management of hyperemesis gravidarum",have you been experiencing any symptoms such as head aches and occasional fainting?,Believing that anaemia is a spiritual disease where spirits suck out someone's blood without their knowledge,The most common causes of anemia during pregnancy are iron deficiency and folate acid deficiency and not witch craft related,Eating foods like liver which are rich in iron is highly recommended,,,,,,,,,,,,,,,,,,
mia 29 first time mother natural delivery teacher live small town husband construction worker newborn mia family history obesity struggle weight pregnancy mia believe obesity come naturally control mia concerned manage weight postpartum establish healthy lifestyle family,"Natural delivery, Small town, Obesity, Weight management","Develop a comprehensive postpartum care plan for Mia, considering her medical, family, and social history, as well as her struggles with obesity and weight management. What recommendations would you make for managing her weight and establishing a healthy lifestyle for her and her family?","Postpartum care, Management of obesity in pregnancy, Postpartum weight management",have you been having constant sweats? Have you been feeling heavier than usual?,Believing that obesity comes naturally and canot be controlled.,"Obesity often results from taking in more calories than are burned by exercise and normal daily activities. Therefore if one can control the intake of such calories, obesity can be mitigated.","Physical exercise, Weight loss, Low-carb diet and Low-fat diet is what i would advise Mia",,,,,,,,,,,,,,,,,,
sophie 26 third time mother two previous cesarean section stay home mom live rural area husband farmer three child sophie family history diabete grandmother complication high blood pressure pregnancy believe condition family member also automatically affect sophie worried postpartum recovery potential risk child,"Cesarean section, Rural area, Diabetes, High blood pressure","Develop a comprehensive postpartum care plan for Sophie, considering her surgical history, family history, and social circumstances. What measures would you recommend to mitigate her risks and ensure a smooth recovery for her and her children?","Postpartum care, Management of diabetes in pregnancy, Management of hypertensive disorders in pregnancy, Intrapartum care for mothers with previous C-section",Does she have a supportive partner? Does she have caring people to provide company and leviate loneliness?,Believing that conditions of other family members will also automatically affect her.,,"Treatment strategies include daily blood sugar monitoring, a healthy diet, exercise and monitoring the baby. If blood sugar is too high, medication is required.",,,,,,,,,,,,,,,,,,
isabella 30 first time mother natural delivery lawyer live city husband banker newborn isabella family history thyroid problem mother blood clot pregnancy isabella concerned postpartum recovery potential risk child believe condition family member also automatically affect,"Natural delivery, City, Thyroid problems, Blood clot","Develop a comprehensive postpartum care plan for Isabella, considering her medical, family, and social history, as well as her family's history of thyroid problems and blood clots. What recommendations would you make for managing her health and preventing future risks for her and her child?","Postpartum care, Management of thyroid disorders in pregnancy, Management of thrombosis in pregnancy",Does she have a supportive partner?,Believing that conditions of other family members will also automatically affect her. ,"Having a family history of a condition  is just a risk factor for that condition but not an assured guarantee , therefore Laura needn't worry but just needs to be keen and prepared.",Antithyroid drugs: The thionamides â€“ methimazole (MMI) and propylthiouracil (PTU) â€“ are most commonly used for the treatment of hyperthyroidism during pregnancy. ,,,,,,,,,,,,,,,,,,
olivia 33 second time mother cesarean section due breech presentation first child graphic designer live suburban area husband software developer two child olivia family history anemia experience severe back pain second trimester olivia worried postpartum recovery manage back pain believe condition witch craft relate,"Cesarean section, Breech presentation, Suburban, Anemia, Back pain","Develop a comprehensive postpartum care plan for Olivia, considering her surgical history, family history, and social circumstances, as well as her previous experiences with anemia and back pain. What recommendations would you make for managing her postpartum recovery and alleviating her back pain?","Postpartum care, Management of anemia in pregnancy, Management of breech presentation, Management of back pain in pregnancy",What foods has Olivia been feeding on specifically? Was she interested in a specific type of food and chose to abundon the rest?,Believing that her conditions are witch craft related .,The most common causes of anemia during pregnancy are iron deficiency and folate acid deficiency and not witch craft related,Beta blockers: Short-term treatment with beta-blockers such as propranolol and metoprolol can be used for symptomatic control.,,,,,,,,,,,,,,,,,,
ava 35 third time mother natural delivery first two child dentist live city husband surgeon three child ava family history high blood pressure experience severe morning sickness first trimester ava concerned postpartum recovery manage responsibility mother dentist believe condition less serious need serious medical attention,"Natural delivery, City, High blood pressure, Morning sickness","Develop a comprehensive postpartum care plan for Ava, considering her medical, family, and social history, as well as her previous experiences with high blood pressure and morning sickness. What recommendations would you make for managing her postpartum recovery and balancing her responsibilities as a mother and dentist?","Postpartum care, Management of hypertensive disorders in pregnancy, Management of hyperemesis gravi",Has she experienced aany signs of highblood pressure in the past few days or weeks? Signs such as dizzinesss and headaches?,Believing that the conditions are less serious and do not need serious medical attention .,Any of the familial diseases can appear in another family member since she is always at risk,Request  husband to employ a house helper or maid for the house activities.  Look out keenly for any signs of high blood pressure such as temporal headaches and dizziness.,,,,,,,,,,,,,,,,,,
lisa 31 second time mother history childhood asthma recent uti hypothyroidism father hypertension mother diabete lisa software developer live single family house husband daughter newborn son history one c section due breech presentation current pregnancy uneventful concerned postpartum recovery due previous surgery believe condition less serious need serious medical attention,"Asthma, UTI, Hypothyroidism, C-section, Breech presentation","Develop a comprehensive postpartum care plan for Lisa considering her medical, family, and social history, as well as her surgical history and previous C-section.","Postpartum care, Breech delivery, Management of hypertensive disorders in pregnancy, Management of diabetes in pregnancy, Intrapartum care for mothers with previous C-section","Has the patient felt any of the following symprtoms in the past 14 days?Headaches.
Sudden weight gain.
Changes in vision.
Nausea or vomiting
Peeing only a little bit at a time.",Considering the conditions to be less serious and do not need serious medical attention is a mismanagement,Any of the familial diseases can appear in another family member since she is always at risk,"Visit the health centre as soon you starts experiencing the following signs and symptoms: Swelling (edema).
Headaches.
Sudden weight gain.
Changes in vision.
Nausea or vomiting
Peeing only a little bit at a time.",,,,,,,,,,,,,,,,,,
rachel 25 first time mother natural delivery history childhood chickenpox anemia pregnancy family history thrombosis heart disease rachel live husband two bedroom apartment pregnancy complicate gestational diabete breastfeed newborn daughter concerned manage diabetes postpartum maintain healthy breastfeed routine,"Chickenpox, Anemia, Thrombosis, Heart disease, Gestational diabetes, Breastfeeding","Develop a comprehensive postpartum care plan for Rachel, considering her medical, family, and social history, as well as her history of anemia and gestational diabetes. What recommendations would you make for managing her diabetes and establishing a successful breastfeeding routine?","Postpartum care, Management of anemia in pregnancy, Management of diabetes in pregnancy, Management of thrombosis in pregnancy, Care of the newborn, Breastfeeding sup",Has the patient recently visited a health centre to do a blood sugar test? What were the results?,Considering the conditions to be less serious and do not need serious medical attention is a mismanagement,"Since, In most cases, there are no symptoms. A blood sugar test during pregnancy is used for diagnosis of gestational diabtes and is the basis of management.",Change of diet. Regular medical check ups and regular physical exercises,,,,,,,,,,,,,,,,,,
maria 36 second time mother cesarean section due fetal distress nurse live rural area husband farmer two child maria family history gestational diabete experience first pregnancy maria concerned postpartum recovery potential risk type 2 diabete also believe diabetes pregnancy serious condition,"Cesarean section, Rural area, Gestational diabetes, Fetal distress",What specific actions should Maria take to manage her blood sugar postpartum? How can she reduce her risk for type 2 diabetes?,"Postpartum care, Management of diabetes in pregnancy","Has the patient experienced the following signs of recent? excessive hunger, excessive thirst, or fatigue and frequent urination ?",Believing that diabetes in pregnancy is not a serious condition.,A form of high blood sugar affecting postnatal and pregnant women needs serious attention.,Buying a self tet kit . Avoiding high calories foodstuffs and doing routine extercise,,,,,,,,,,,,,,,,,,
christina 28 first time mother natural delivery physical therapist live city husband engineer newborn christina family history postpartum depression concerned mental well believe depression permanent condition,"Natural delivery, City, Postpartum depression",How can Christina monitor her mental health postpartum? What support systems and resources should be in place for her?,"Postpartum care, Management of postpartum depression","Has the patient ever had any of the following symptoms and signs? insomnia (difficult in sleeping), loss of appetite, intense irritability and difficulty bonding with the baby.",Believing that depression is a permanent condition,"Having a family history of a condition is just a risk factor for that condition but not an assured guarantee , therefore Laura needn't worry but just needs to be keen and prepared.",Joining counselling sessions where mothers with such conditions are gathered for special counselling. This is called group therapy. Or she can share this with some close friends for advice,,,,,,,,,,,,,,,,,,
emma 27 second time mother cesarean section due large baby teacher live suburban area husband manager two child emma family history anemia experience pregnancy emma concerned postpartum recovery manage anemia emma culture believe anaemia fatal medical condition,"Cesarean section, Suburban, Anemia, Large baby",What dietary and lifestyle changes can Emma make to manage her anemia postpartum?,"Postpartum care, Management of anemia in pregnancy","Please look out for the following symptoms: fatigue, skin pallor, shortness of breath, light-headedness, dizziness or a fast heartbeat.",Believing that Anaemia is not a fatal medical condition.,Anaemia results from a lack of red blood cells or dysfunctional red blood cells in the body. This leads to reduced oxygen flow to the body's organs.,Going for regular Haemoglobin count tests and Eating iron rich foods  such as liver is a good therapy,,,,,,,,,,,,,,,,,,
lucy 32 third time mother natural delivery previous two child financial analyst live city husband software developer three child lucy family history high blood pressure experience first pregnancy lucy concern postpartum recovery blood pressure lucy culture believe high blood pressure fatal medical condition,"Natural delivery, City, High blood pressure",How can Lucy manage her blood pressure postpartum? What specific lifestyle changes should she make?,"Postpartum care, Management of hypertensive disorders in pregnancy","look out for light headaches, dizziness and heart palpitations.",Believing that HTN is not a serious illness,"though it has not serious signs, hypertension is a very silent likker and needs to be taken so seriously.",Visit the hospiotal in case of the warning signs such as headaches.,,,,,,,,,,,,,,,,,,
nicole 29 first time mother cesarean section due breech presentation pharmacist live suburban area husband doctor newborn nicole family history thyroid problem experience pregnancy think family history throid problem automatic sign personal infection nicole concern postpartum recovery manage thyroid,"Cesarean section, Suburban, Thyroid problems, Breech presentation",How should Nicole manage her thyroid condition postpartum? What should she monitor and be aware of?,"Postpartum care, Management of thyroid disorders in pregnancy",Has she done any previous throid tests?,Thinking that a family history of throid problems is an automatic sign of her infection.,"Having a family history of a condition  is just a risk factor for that condition but not an assured guarantee , therefore Nicole needn't worry but just needs to be keen and prepared",Antithyroid drugs: The thionamides â€“ methimazole (MMI) and propylthiouracil (PTU) â€“ are most commonly used for the treatment of hyperthyroidism during pregnancy. ,,,,,,,,,,,,,,,,,,
sophie 26 third time mother two previous cesarean section stay home mom live rural area husband farmer three child sophie family history diabete grandmother complication high blood pressure pregnancy sophie worried postpartum recovery potential risk child believe condition family member also automatically affect,"Cesarean section, Rural area, Diabetes, High blood pressure","Develop a comprehensive postpartum care plan for Sophie, considering her surgical history, family history, and social circumstances. What measures would you recommend to mitigate her risks and ensure a smooth recovery for her and her children?","Postpartum care, Management of diabetes in pregnancy, Management of hypertensive disorders in pregnancy, Intrapartum care for mothers with previous C-section",Does she have a supportive partner? Does she have caring people to provide company and leviate loneliness?, Believing that conditions of other family members will also automatically affect her.,"No, this genetical conditions are randomly transferred.","Treatment strategies include daily blood sugar monitoring, a healthy diet, exercise and monitoring the baby. If blood sugar is too high, medication is required.",,,,,,,,,,,,,,,,,,
sarah 30 second time mother natural delivery first child architect live city husband lawyer two child sarah family history blood clot experience second trimester sarah concerned postpartum recovery risk blood clot sarah believe blood clot mean prevention especially pregnant post partum mother,"Natural delivery, City, Blood clots",How can Sarah reduce her risk for blood clots postpartum? What specific actions should she take?,"Postpartum care, Management of thrombosis in pregnancy",Has she experienced any symptoms of the clots of recent? Has she had any recent medical check ups?,Believing that blood clots have no means of prevention especially in pregnant and post partum mothers,"This is wrong since, exercise has prooved to reduce risks among many mothers according to the latest research","Physical exercises should be done regulary, avoid eating junky foods",,,,,,,,,,,,,,,,,,
jennifer 26 third time mother cesarean section due fetal distress previous two child nurse live rural area husband farmer three child jennifer family history gestational diabete experience first two pregnancy jennifer concerned postpartum recovery potential risk type 2 diabetes also believe diabetes pregnancy serious condition since painful,"Cesarean section, Rural area, Gestational diabetes, Fetal distress",What measures can Jennifer take postpartum to monitor her blood sugar and reduce her risk for type 2 diabetes?,"Postpartum care, Management of diabetes in pregnancy","Have you experienced the following signs of recent?  excessive hunger, excessive thirst, or fatigue
and frequent urination ?",Believing that diabetes in pregnancy is not a serious condition since it's not painful,A form of high blood sugar affecting postnatal and pregnant women needs serious attention.,Buying a self tet kit . Avoiding high calories foodstuffs and doing routine extercise,,,,,,,,,,,,,,,,,,
megan 28 first time mother natural delivery teacher live suburban area husband engineer newborn believe depression permanent condition megan family history postpartum depression concerned mental well,"Natural delivery, Suburban, Postpartum depression",How can Megan seek support for her mental health postpartum? What resources are available for her?,"Postpartum care, Management of postpartum depression","Has the patient had any of the following symptoms and signs?  insomnia (difficult in sleeping), loss of appetite, intense irritability and difficulty bonding with the baby.",Believing that depression is a permanent condition,Depression is not a minor condition since those who develop postpartum depression are at greater risk of developing major depression later on in life.,"Treatment can include counselling, antidepressants etc",,,,,,,,,,,,,,,,,,
jessica 31 second time mother cesarean section due large baby previous child accountant live city husband banker two child jessica family history anemia experience first pregnancy also believe anaemia traditional disease jessica concerned postpartum recovery manage anemia,"Cesarean section, City, Anemia, Large baby",What strategies can Jessica implement postpartum to manage her anemia and improve her energy levels?,"Postpartum care, Management of anemia in pregnancy","Please look out for the following symptoms:  fatigue, skin pallor, shortness of breath, light-headedness, dizziness or a fast heartbeat.",Believing that anaemia is a traditional disease ., Anaemia results from a lack of red blood cells or dysfunctional red blood cells in the body. This leads to reduced oxygen flow to the body's organs.,Eating iron rich foods  such as liver is a good therapy,,,,,,,,,,,,,,,,,,
elizabeth 27 third time mother natural delivery previous two child pharmacist live suburban area husband software developer three child elizabeth family history high blood pressure experience first pregnancy believe high blood pressure serious illness elizabeth concerned postpartum recovery blood pressure,"Natural delivery, Suburban, High blood pressure",How should Elizabeth monitor and manage her blood pressure postpartum? What lifestyle changes should she consider?,"Postpartum care, Management of hypertensive disorders in pregnan","look out for light headaches, dizziness and heart palpitations.",Believing that high blood pressure is not a serious illness,"though it has not serious signs, hypertension is a very silent likker and needs to be taken so seriously.",Go to the hospital in case of the warning signs such as headaches.,,,,,,,,,,,,,,,,,,
chloe 26 year old woman struggle feeling resentment frustration toward partner involve newborn care expect seek support advice believe believe husband non involvement due lack love partner child,"Postpartum care, Resentment, Frustration, Partner support, Newborn care",How would you approach Chloe's concerns about her partner's involvement in newborn care and her feelings of resentment and frustration postpartum? What postpartum care and interventions would you recommend to improve her relationship and support her in newborn care?,"Postpartum care, Resentment, Frustration, Partner support, Newborn care",What activties do u do to reduce the frustration? ,Believing that the husband's non involvement is due to lack of love for both the partner and the child.,The partner may be busy with work but still loves the family. A torough assessment needs to be done.,Calling for a counselling sessions.,,,,,,,,,,,,,,,,,,
sophie 26 third time mother two previous cesarean section stay home mom live rural area husband farmer three child sophie family history diabete grandmother complication high blood pressure pregnancy believe condition family member also automatically affect sophie worried postpartum recovery potential risk child,"Cesarean section, Rural area, Diabetes, High blood pressure","Develop a comprehensive postpartum care plan for Sophie, considering her surgical history, family history, and social circumstances. What measures would you recommend to mitigate her risks and ensure a smooth recovery for her and her children?","Postpartum care, Management of diabetes in pregnancy, Management of hypertensive disorders in pregnancy, Intrapartum care for mothers with previous C-section",Does she have a supportive partner? Does she have caring people to provide company and leviate loneliness?,Believing that conditions of other family members will also automatically affect her.,,"Treatment strategies include daily blood sugar monitoring, a healthy diet, exercise and monitoring the baby. If blood sugar is too high, medication is required.",,,,,,,,,,,,,,,,,,
olivia 34 cesarean section due fetal distress engineer live city husband architect newborn olivia history urinary tract infection concerned postpartum recovery urinary health culture believe utis need serious treatment,"Cesarean section, City, Urinary tract infection, Fetal distress",What steps should Olivia take to promote urinary health postpartum? What signs of infection should she be aware of?,"Postpartum care, Management of urinary tract infections","Have you experienced the following : pain areas in the bladder, groin, lower abdomen, or pelvis
Pain circumstances: can occur during urination or during sexual intercourse
Urinary: foul smelling urine, frequent urination, bladder spasm, cloudy urine, dark urine, persistent urge to urinate, sense of incomplete bladder emptying, or blood in urine",Believing that UTIs do not need serious treatment at all,SImple UTIs may clear by frequent drinking of fluids but complicated UTIs need treatment,"Medicines commonly used for simple UTI s include: Trimethoprim and sulfamethoxazole (Bactrim, Bactrim DS) Fosfomycin (Monurol) Nitrofurantoin (Macrodantin, Macrobid, Furadantin)",,,,,,,,,,,,,,,,,,
sophia 29 natural delivery nurse live suburban area husband teacher newborn sophia family history postpartum hemorrhage concerned postpartum recovery risk hemorrhage culture believe post partum haemorrhage specific cause,"Natural delivery, Suburban, Postpartum hemorrhage",What strategies can Sophia implement to reduce her risk for postpartum hemorrhage? What symptoms should she monitor for?,"Postpartum care, Management of postpartum hemorrhage","I would first find out if she had  an experience of any of these symptoms: vaginal bleeding, fast heart rate, or low blood pressure recently",Believing that post partum haemorrhage has no specific cause.,"Causes of postpartum bleeding include loss of tone in the uterine muscles, a bleeding disorder or the placenta failing to come out completely or tearing.","Treatment often includes uterine massage and medication. In rare cases, blood transfusion, removal of residual placenta or a hysterectomy may be required.",,,,,,,,,,,,,,,,,,
mia 27 cesarean section due breech presentation pharmacist live rural area husband doctor newborn mia history postpartum depression concerned mental well culture believe depression inherit condition,"Cesarean section, Rural, Postpartum depression, Breech presentation",How can Mia seek support for her mental health postpartum? What resources are available to her?,"Postpartum care, Management of postpartum depression","Have u had any of the following symptoms and signs?  insomnia (difficult in sleeping), loss of appetite, intense irritability and difficulty bonding with the baby.",Depression is an  inherited condition,Depression is not a minor condition since those who develop postpartum depression are at greater risk of developing major depression later on in life.,Request other family members to provide company to wife. or husband to request for a leave at work.,,,,,,,,,,,,,,,,,,
ava 31 natural delivery lawyer live city husband banker newborn ava family history gestational diabete concerned postpartum recovery risk type 2 diabete ava culture believe diabete pregnancy occur due type sex baby,"Natural delivery, City, Gestational diabetes",What steps should Ava take postpartum to monitor her blood sugar and reduce her risk for type 2 diabetes?,"Postpartum care, Management of diabetes in pregnancy","Have you experienced the following signs of recent?  excessive hunger, excessive thirst, or fatigue
and frequent urination ?",Believing that Diabetes in pregnancy occurs due to the type of sex of the baby.,A form of high blood sugar affecting postnatal and pregnant women needs serious attention., Avoiding high calories foodstuffs and doing routine extercise,,,,,,,,,,,,,,,,,,
isabella 28 cesarean section due fetal distress teacher live suburban area husband engineer newborn isabella history anemia concerned postpartum recovery manage anemia isabella believe aanemia inherit,"Cesarean section, Suburban, Anemia, Fetal distress",What dietary and lifestyle changes can Isabella make postpartum to manage her anemia?,"Postpartum care, Management of anemia in pregnancy","Has she experienced any paleness of palms, lips and skin in the recent days?",Believing that aanemia is inherited,"Having a family history of a condition  is just a risk factor for that condition but not an assured guarantee , therefore Laura needn't worry but just needs to be keen and prepared.",Taking in iron rich foods like liver Looking out for warning signs and report to hospital immediately.,,,,,,,,,,,,,,,,,,
emma 30 natural delivery accountant live city husband software developer newborn emma family history high blood pressure concerned postpartum recovery blood pressure culture believe high blood pressure cause salt diet,"Natural delivery, City, High blood pressure",How can Emma monitor and manage her blood pressure postpartum? What lifestyle changes should she consider?,"Postpartum care, Management of hypertensive disorders in pregnancy",Has the patient looked out for light headaches? Has the patient looked out for  dizziness and heart palpitations., Believing that high blood pressure is only caused by salt diets and can be managed by adjusting salt in the diet.,"There are several causes or factors that lead to high blood pressure, though nutrition is part of them,  it's not the only one.",Go to the hospiotal in case of the warning signs such as headaches.,,,,,,,,,,,,,,,,,,
lily 26 cesarean section due breech presentation nurse live rural area husband farmer newborn lily history urinary tract infection concerned postpartum recovery urinary health culture believe utis affect woman,"Cesarean section, Rural, Urinary tract infection, Breech presentation",What steps can Lily take to promote urinary health postpartum? What symptoms should she monitor for?,"Postpartum care, Management of urinary tract infections","Have you experienced the following : pain areas in the bladder, groin, lower abdomen, or pelvis Pain circumstances: can occur during urination or during sexual intercourse Urinary: foul smelling urine, frequent urination, bladder spasm, cloudy urine, dark urine, persistent urge to urinate, sense of incomplete bladder emptying, or blood in urine",Believing that UTIs only affect women.,"UTIs affect both men and women and although they are not sexually transmitted, having sex can increase chances of acquiring them.","Use these antibiotics to treat UTIs:
Nitrofurantoin.
Sulfonamides (sulfa drugs), such as sulfamethoxazole/trimethoprim.
Amoxicillin.
Cephalosporins, such as cephalexin.
Doxycycline.
Fosfomycin.
Quinolones, such as ciprofloxacin or levofloxacin.",,,,,,,,,,,,,,,,,,
sophia 29 natural delivery pharmacist live suburban area husband doctor newborn sophia family history postpartum hemorrhage concerned postpartum recovery risk hemorrhage believe post partum haemorrhage always lead maternal death,"Natural delivery, Suburban, Postpartum hemorrhage",What strategies can Sophia implement to reduce her risk for postpartum hemorrhage? What signs should she be aware of?,"Postpartum care, Management of postpartum hemorrhage","Has the patient had  an experience of any of these symptoms ? vaginal bleeding, fast heart rate, or low blood pressure",Believing that post partum haemorrhage always leads to maternal death.,"Causes of postpartum bleeding include loss of tone in the uterine muscles, a bleeding disorder or the placenta failing to come out completely or tearing.","Treatment often includes uterine massage and medication. In rare cases, blood transfusion, removal of residual placenta or a hysterectomy may be required.",,,,,,,,,,,,,,,,,,
mia 27 cesarean section due fetal distress teacher live rural area husband engineer newborn mia history postpartum depression concerned mental well believe depression medication management option available,"Cesarean section, Rural, Postpartum depression, Fetal distress",How can Mia seek support for her mental health postpartum? What resources are available for her?,"Postpartum care, Management of postpartum depression","Have u had any of the following symptoms and signs? insomnia (difficult in sleeping), loss of appetite, intense irritability and difficulty bonding with the baby.",Believing that depression medication isn't the only management option.,Depression can be managed by non medical means such as group therapy and counselling sessions., Husband to employ some maids to keep around wife to avoid the effects of solitude on depresssive patients.,,,,,,,,,,,,,,,,,,
ava 31 natural delivery lawyer live city husband banker newborn ava family history gestational diabete concerned postpartum recovery risk type 2 diabetes believe gestational diabetes permanent,"Natural delivery, City, Gestational diabetes",What measures can Ava take postpartum to monitor her blood sugar and reduce her risk for type 2 diabetes?,"Postpartum care, Management of diabetes in pre","Have you experienced the following signs of recent? excessive hunger, excessive thirst, or fatigue and frequent urination ?",Believeing that gestational diabetes is permanent.,Gestational diabetes is not permanent,Buying a self tet kit . Avoiding high calories foodstuffs and doing routine extercise,,,,,,,,,,,,,,,,,,
lily 15 teenage mother recover cesarean section due preeclampsia become pregnant traffic force prostitution live safe house survivor receive support believe life doom solution condition,"Human trafficking, Prostitution, Preeclampsia, Cesarean section","How can Lily access specialized healthcare, mental health support, and community resources to manage her physical and emotional needs during the postpartum period?","Postpartum care, Mental health support",Has the patient had any blood pressure check ups of late.?,Believing that there is no solution to her condition,"No, there must be a solution, she just needs to be connected to the right counsellors.","Connecting to a counsellor , who shall use group therapy to manage the condition. In such groups, you get a chance to find fellows with similar problems which heps to leviate the deppression and stigma.",,,,,,,,,,,,,,,,,,
chloe 26 year old woman struggle feeling resentment frustration toward partner involve newborn care expect seek support advice since believe husband non involvement due lack love partner child,"Postpartum care, Resentment, Frustration, Partner support, Newborn care",How would you approach Chloe's concerns about her partner's involvement in newborn care and her feelings of resentment and frustration postpartum? What postpartum care and interventions would you recommend to improve her relationship and support her in newborn care?,"Postpartum care, Resentment, Frustration, Partner support, Newborn care",What activties do u do to reduce the frustration? ,Believing that the husband's involvement is due to lack of love for both the partner and the child.,The partner may be busy with work but still loves the family. A torough assessment needs to be done.,Calling for a counselling session will help.,,,,,,,,,,,,,,,,,,
harper 32 year old woman notice swell leg give birth concerned impact mobility seek advice believe swelling leg due infection,"Postpartum care, Leg swelling, Mobility, Concerned",How would you assess and manage Harper's leg swelling in the postpartum period? What postpartum care should she receive to improve her mobility and reduce swelling?,"Postpartum Care, Leg Swelling, Health Assessment",On which part of the legs does the swelling end? Does it pain? How long has it lasted?,Believing that the swelling of the legs is due to an infection.,The retention of water after birth is a physiological process and not pathological. It is due to progesterone hormone.,Always have a stool to raise legs while sitted.     It  will resolve oedema in a few weeks.,,,,,,,,,,,,,,,,,,
chloe 16 teenage mother natural birth suffer postpartum hemorrhage become pregnant arranged marriage rural community husband much old feel isolate peer believe woman mean endure male treatment since man heirachy,"Arranged marriage, Rural, Postpartum hemorrhage, Natural birth","How can Chloe seek help for her physical and emotional needs, access community support, and engage with peers while managing postpartum responsibilities?","Postpartum care, Community support",Has she had any previous medical check up?,"Believing that ,women are meant to endure all male treatments since they are below men in heirachy",This is not true," Connecting to a counsellor , who shall use group therapy. which heps to leviate the deppression and stigma.",,,,,,,,,,,,,,,,,,
zoe 17 teenage mother recover cesarean section due fetal distress victim date rape decide keep baby live supportive parent attend high school believe thatt live depression forever,"Date rape, Fetal distress, Cesarean section, High school","How can Zoe access healthcare and community resources to manage her physical needs during the postpartum period, while balancing school and motherhood responsibilities?","Postpartum care, Education support",Has she recieved counselling from the hospital where delivery was done? What measure has she tried so far to leviate these symptoms?,Believing that she will live in depression forever.,"No, depression can be solved with serious support.",Finish the medications to prevent any complications during the post partum period. Secondly  get linked to counselling services .,,,,,,,,,,,,,,,,,,
aria 18 teenage mother natural birth suffer postpartum depression marry early man abuse live small apartment limited access support also believe always stay liike female,"Early marriage, Abuse, Postpartum depression, Natural birth","How can Aria access mental health services, community support, and resources to ensure her safety and well-being during the postpartum period?","Postpartum care, Mental health support, Domestic violence resources",Has she tried to have access to her parents? or any authorities?,believing that she will always stay liike this because she is female,"No, all gender are entitled to freedom .","Connecting to a counsellor , which heps to leviate the deppression and stigma symptoms.",,,,,,,,,,,,,,,,,,
nora 15 teenage mother recover cesarean section due placental abruption become pregnant force relationship much old man live rural area family limit access education believe never go back school placental abruption also affect mental capability,"Coercion, Rural, Placental abruption, Cesarean section",How can Nora access healthcare and education support to manage her physical needs and continue her education while adapting to motherhood?,"Postpartum care, Education support","Has she started getting any depressive symptoms? If yes, how often?",Believing that she that she will never go back to school because placental abruption also affects mental capabilities.,"Placental abruption does not affect mental capabilities, therefore she can resume school when she is ready.",Finish the medications to prevent any complications during the post partum period. .,,,,,,,,,,,,,,,,,,
scarlett 16 teenage mother natural birth develop postpartum infection become pregnant traffic force prostitution live safe house survivor receive support believe never recover situation god plan,"Human trafficking, Prostitution, Postpartum infection, Natural birth","How can Scarlett access specialized healthcare, mental health support, and community resources to manage her physical and emotional needs during the postpartum period?","Postpartum care, Mental health support",Has she tried to inform any authorities for her safety?,Believing that she will never recover from this situation because it's God's plan.,"No, she will recover if she finds supportive network.",Find access to the authorities (political or religioius)  in order to get access to health services and financial support.,,,,,,,,,,,,,,,,,,
lucy 17 teenage mother recover cesarean section due breech presentation become pregnant arranged marriage rural community husband much old feel isolate peer also believe depress forever,"Arranged marriage, Rural, Breech presentation, Cesarean section","How can Lucy seek help for her physical and emotional needs, access community support, and engage with peers while managing postpartum responsibilities?","Postpartum care, Community support",How often does Lucy get emotional break downs? How long has the marriage taken?,Believing  that she will be depressed forever,"No, with a good support network, she can learn to live peacefully with the marriage partner.","Connecting to a counsellor , who shall manage deppression and stigma symptoms.",,,,,,,,,,,,,,,,,,
sophie 26 third time mother two previous cesarean section stay home mom live rural area husband farmer three child sophie family history diabete grandmother complication high blood pressure pregnancy belive condition family member also automatically affect sophie worried postpartum recovery potential risk child,"Cesarean section, Rural area, Diabetes, High blood pressure","Develop a comprehensive postpartum care plan for Sophie, considering her surgical history, family history, and social circumstances. What measures would you recommend to mitigate her risks and ensure a smooth recovery for her and her children?","Postpartum care, Management of diabetes in pregnancy, Management of hypertensive disorders in pregnancy, Intrapartum care for mothers with previous C-section",1.Did the patient attend any physical education talks at the health facility? 2.Has the patient been linked to the counselling department before? 3.Does she have a supportive partner? 4. Does she have caring people to provide company and leviate loneliness?,Believing that conditions of other family members will also automatically affect her.,,"Treatment strategies include daily blood sugar monitoring, a healthy diet, exercise and monitoring the baby. If blood sugar is too high, medication is required.",,,,,,,,,,,,,,,,,,
stella 18 teenage mother natural birth suffer postpartum depression victim date rape decide keep baby believe depressed forever live supportive parent attend high school,"Date rape, Postpartum depression, Natural birth, High school","How can Stella access healthcare and community resources to manage her emotional needs during the postpartum period, while balancing school and motherhood responsibilities?","Postpartum care, Mental health support, Education support",How often do the depressive symptoms set in? Are there any trigger agents in the environment that need to be removed.?,Believing  that she will be depressed forever,"This is not true at all, such conditions can be overcome successfully by a supportive network"," Keep  up with the support from the supportive parents, until  the baby is older and less attention demanding. Then find a job in order to cater for the financial stress.",,,,,,,,,,,,,,,,,,
paisley 15 teenage mother recover cesarean section due preeclampsia become pregnant force relationship much old man live rural area family limit access education accord culture believe woman mean endure male treatment since man heirachy,"Coercion, Rural, Preeclampsia, Cesarean section",How can Paisley access healthcare and education support to manage her physical needs and continue her education while adapting to motherhood?,"Postpartum care, Education support","Has the patient visited the health facility for health and education sessions? Does she still have any preeclamptic symptoms such as HTN, headaches etc?",Believing that women are meant to endure all male treatments since they are below men in heirachy,"This is not true, any person despite of gender has a right to live in freedom and peace.","First finish the medications to prevent and complications during the post partum period. Secondly, get linked to counselling services.",,,,,,,,,,,,,,,,,,
ava 25 year old woman suffer severe constipation hemorrhoid give birth first child believe haemorrhoid cause spicy food seek relief symptom,"Postpartum care, Constipation, Hemorrhoids, First child",What recommendations would you provide to Ava for managing constipation and hemorrhoids in the postpartum period? What postpartum care should she receive?,"Postpartum Care, Hemorrhoids, Constipation",Have you suffered haemorrhois before? Are there any specific foods that woren your pain when eaten?,Believing that haemorrhoids are caused by Spicy foods.,"Haemorrhoids are extended blood vessels, that prorude into the rectum", Increase water in take.   Implement sit baths.,,,,,,,,,,,,,,,,,,
hazel 16 teenage mother natural birth develop postpartum infection believe woman mean endure condition marry early man abuse live small apartment limited access support,"Early marriage, Abuse, Postpartum infection, Natural birth","How can Hazel access healthcare, community support, and resources to ensure her safety and well-being during the postpartum period?","Postpartum care, Domestic violence resource",Did the patient deliver from a health centre? Does the patient have any visible injuries or scars as a result of abuses? How often does she get abused  ?,Believing that women are meant to endure all male treatments since they are below men in heirachy,"This is not true, any person despite of gender has a right to live in freedom and peace.", Linking to counsellors,,,,,,,,,,,,,,,,,,
