Scenario,Guidelines Required,Question,Misinformation or Myths,Misinformation counteraction/ clarity,Midwifery / Medical solution ( advice)
"A 24-year-old woman who recently gave birth is experiencing fever, abdominal pain, and foul-smelling vaginal discharge. In her culture, a woman is expected to have this pain  and fever because the body is actively rebuilding itself. The healthcare team is providing treatment for suspected puerperal sepsis and monitoring her closely.",Puerperal sepsis,"How has the patient's suspected puerperal sepsis been diagnosed and managed, and what measures have been taken to ensure her well-being?",The body is rebuilding itself and so pain and fever are expected after deliver.,"Pain is always an indication of tissue damage and fever is one of the signs of infection. After delivery, the body goes through recovery but pain and fever are not to be expected.","Do an ultrasound scan. Do tests like CBC, urinalysis, blood grouping and cross-matching.  Give crystalloids like normal saline or ringer's lactate. Maintain continuos bladder drainage by catheterisation. Give a broad spectrum antibiotic like ceftriazone or sulbactum. Encourage proper hygiene. Eat a balanced diet."
A 29-year-old woman who had an abortion is experiencing heavy bleeding. She was told that a woman who has an abortion is cursed with barrenness. The healthcare team is providing treatment to manage the hemorrhage and ensure her safety.,Management of hemorrhage due to abortion,"How has the patient's hemorrhage following her abortion been managed, and what steps have been taken to ensure her safety?","After an abortion, a woman is cursed with barrenness.","Sometimes an abortion is inevitable, and sometimes a child is lost because he or she wouldnot have been able to grow. So a woman does not have to beat herself up for it. She is capabke of getting other children if the abortion if managed properly.","Do tests like CBC, haemoglobin measurement. Blood grouping and cross-matching. Do an ultrasound scan. Give crystalloids like normal saline. Transfuse with blood if necessary. Do a vaginal exam and remove the retained products of conception. Maitain bladder drainage. give oxytocin as needed and misoprostol. start antibiotic therapy. give analgesics. perform manual vacuum aspiration."
A 27-year-old woman who had an abortion is experiencing abdominal pain and signs of infection. She read online that douching is good for vaginal health.The healthcare team is providing treatment to address the complications and monitoring her closely.,Management of abortion complications,"How have the patient's abortion complications been managed, and what measures have been taken to ensure her well-being?",Vaginal douching is good for vaginal health.,Douching is contradictory as it exposes a woman to infections as it disrupts the normal flora which is protective. It should be avoided.,"Do an ultrasound scan. Do tests like CBC, blood grouping and cross-matching. Give cryatalloids like normal saline. Give a broad spectrum antibiotic. Give an analgesic and antipyretic. Insert catheter to continuosly drain the bladder. Encourage uptake of family planning to delay the next pregnancy."
"A 25-year-old woman who had an abortion is experiencing fever, abdominal pain, and foul-smelling vaginal discharge. In her culture, fever is caused by standing under the sun for too long. The healthcare team is providing treatment for suspected sepsis following the abortion and monitoring her closely.",Management of sepsis following abortion,"How has the patient's suspected sepsis following her abortion been diagnosed and managed, and what measures have been taken to ensure her well-being?",Standing under the sun for too long causes fever.,"Fever is usually a result of spiking infection. When someone stands under the sun for too long, then body can easily regulate the temperature and it subsides.","Do an ultrasound scan. Do tests like CBC, blood grouping and cross-matching. Give cryatalloids like normal saline. Give a broad spectrum antibiotic. Give an analgesic and antipyretic. Assess for cause of sepsis and have it treated."
A 29-year-old woman who had an abortion is feeling emotionally distressed and is seeking support. Her village mates think that abortion is always the mother's fault. The healthcare team is providing post-abortion counseling to help her cope with her feelings and provide guidance.,Post-abortion counseling,"What post-abortion counseling has been provided to the patient, and how has she been supported in coping with her emotions?",Abortion is always a mother's choice.,Abortion if not always a mother's choice because it can be inevitable or missed. And sometimes it can be induced considering the risks associated with carrying the pregnancy.,Connect mother to a social support group. Advice on family planning to delay pregnancy until when ready. Treat cause of abortion for example infections. Advise mother on adherance to antibiotics.
"A 24-year-old woman in labor has a cord prolapse, with the umbilical cord descending before the baby. She was told that this happenes when eats offals during pregnancy. The healthcare team is taking immediate action to prevent complications and ensure a safe delivery.",Cord prolapse,"How has the patient's cord prolapse been managed during labor, and what steps have been taken to prevent complications and ensure a safe delivery?",Eating offals during pregnancy causes cord prolapse.,"Cord prolapse is caused by polyhydrominous, multiparity, prematurity, malpresentation like in transverse lie and others. Eating offals is not connected to it. Offals are very nutritious and their ingestion should be encouraged.","Do a vaginal examination if membranes ruptured to check if cord is pulsating. Put mother in knee-chest position. Perform intrauterine rescusitation with fluids. Administer oxygen administration. Monitor fetal heartrate continuosly. Deliver baby by emergency cesearean section but if the mother is second stage of labor, then give a generous episiotomy and deliver baby by forceps or vacuum delivery."
"A 29-year-old woman in labor is experiencing fetal distress, with changes in the baby's heart rate. In her culture, when a woman looks at the grave of a dog or cat, then the baby comes out malnourished and witha sunken chest. The healthcare team is monitoring the situation closely and considering options for a safe delivery.",Fetal distress,"How has the patient's fetal distress been managed during labor, and what options have been considered to ensure the well-being of the baby?","When a woman looks at the grave of a cat or dog, the baby comes out malnourished and  with a sunken chest.",This is linked to fetal distress but fetal distress occurs when the foetus suffers from oxygen deprivation and becomes hypoxic.,"Do a vaginal exam and assess the state of the membranes whether ruptured or intact and rule out cord presentation. Give oxygen to the mother by face mask or nasal prongs. Give iv fluids like normal saline or ringer's lactate. Monitor fetal heartrate, if its is unassuring after 3 contractions then deliver baby by emergency cesearean section. Prepare for newborn rescusitation."
"A 28-year-old woman has just delivered her baby and is receiving postpartum care. She was told that she is not supposed to share a bed with her husband after delivery. The healthcare team is monitoring her vital signs, assessing her recovery, and providing support for breastfeeding and newborn care.",Postpartum care,"What postpartum care has been provided to the patient, and how has her recovery and the care of the newborn been managed?",A woman is not supposed to share a bed with her husband after giving birth.,There is no contraindication to sharing a bed with the husbamd after giving birth. It is also best to have the baby sleep in his or her own crib to prevent accidents but this should be very close to the master bedroom.,Get enough rest. Eat a balanced diet. Take plenty of fluids. Watch out for danger signs like bleeding after delivery. Monitor vital signs. Take antibiotica is prescribed. Do some exercises to improve circulation and promote healing. Do kegel execises to restore vaginal muscles. maintain a good hygiene. empty bladder frequently. Eat soft foods.
"A 30-year-old breastfeeding mother is experiencing painful swelling of the breasts, making it difficult for her to breastfeed. She read online that caggage can cure breast engorgement. The healthcare team is providing treatment and guidance to help alleviate her discomfort.",Breast engorgement,"How has the patient's breast engorgement been managed, and what steps have been taken to provide relief and support for breastfeeding?",Cabbage can cure breast engorgement.,Cabbage can bring some coolness to the breast but it doesnot eliminate the problem completely. Other interventions have to be done to manage this.,Use a warm compress. Continue breastfeeding. Ensure that the baby is healthy to guarantee maximum feeding. Practice a good breast attachment technique. Express the milk manually and store it bottles. Take an analgesic to manage the pain. Get comfortable breast pads.
"A 26-year-old breastfeeding mother is experiencing cracked and sore nipples, causing her pain and discomfort during breastfeeding. She was told that when the nipples get cracked, breastfeeding should be stopped until the breast is fine. The healthcare team is providing treatment and advice to help her continue breastfeeding.",Cracked/sore nipples,"How has the patient's cracked and sore nipples been managed, and what advice has been provided to help her continue breastfeeding?",Breastfeeding should be paused until the nipple is fine.,Cracked nipples are usually a result of poor attachment technique during breastfeeding or excessvely dry skin. Breastfeeding should continue to prevent breast engorgement.,Express some milk and apply it on the nipple. Continue breastfeeding. Practice a good attachment technique while breastfeeding. Take antibiotics to prevent infection. Take an analgesic to minimize the pain.
"A 24-year-old woman in labor has a transverse lie, making a vaginal delivery impossible. She believes that cesearean section is a way to dodging the pain. The healthcare team is planning for a cesarean section to ensure a safe delivery.",Transverse lie,"How has the patient's transverse lie been managed during labor, and what steps have been taken to plan for a cesarean section?",Cesearean section is a way to dodge labor pain during vaginal delivery.,"Cesearean section is also painful and after the procedure, a woman also feels pain, no to mention the pain while nursing the wound.",Do an obstetric ultrasoud scan. Counsel mother on the condition. Ensure fetal wellbeing. Prepare mother for emergency cesearean section.
"A 29-year-old woman in labor has a shoulder presentation, which is obstructing the delivery process. She read online that malpresentation occurs because the baby has abnormalities. The healthcare team is providing support and considering options for a safe delivery.",Shoulder presentation,"How has the patient's shoulder presentation been managed during labor, and what options have been considered for a safe delivery?",Malpresentation occurs because the baby has physical abnormalities.,"Malpresentation occurs due to various reasons but not abnormalities for example grandmultiparity, prematurity, uterine fibroids, transverse lie and placenta previa.",Do an obstetric ultrasound scan. Do an abdominal and vaginal examination. Counsel mother on the situation. Monitor fetal wellbeing. Prepare mother for an emergency cesearean section.
"A 30-year-old woman in labor is experiencing shoulder dystocia, making it difficult to deliver the baby. The woman thinks that the baby can be pushed back or the hand pulled  into a good position and the baby gets delivered. The healthcare team is working quickly to resolve the situation and ensure a safe delivery.",Shoulder dystocia (stuck shoulders),"How has the patient's shoulder dystocia been managed during labor, and what steps have been taken to ensure a safe delivery?",Baby can be pushed back or hand pulled into position to relive the shoulder dystocia.,"This is very dagerous and risky and it can cause bith injuries and trauma to the birth canal. With different manouevers, the baby can be delivered properly.",Be calm and don’t panic or pull the baby. Call for help. Give a bilateral generous episiotomy. Explain to mother and gurrantee her cooperation. Put mother in McRoberts position and apply suprapubic pressure to deliver the baby. If it fails turn mother on all fours and do other manourvers to deliver the baby. prepare for newborn rescusitation.
"A 28-year-old woman in labor has a compound presentation, with the baby's hand presenting alongside the head. She read online that this happens because the baby is too small. The healthcare team is considering the best approach for a safe delivery.",Compound presentation,"How has the patient's compound presentation been managed during labor, and what approach has been taken for a safe delivery?",Compound presentation happens because the baby is too small.,"Regardless of the size of the baby, a baby is supposed to achieve a good position and presentation for an easy delivery. Compound presentation, even in a baby with low birth weight cannot be delivered easily.","Do an ultrsound scan. Do not attempt to push back the extremities. Assess fetal wellbeing and observe for meconium staining if membranes have ruptured. Rescusitate mother with fluids. Prepare for newborm rescusitation. If there are no contraindications to vaginal delivery, wait for the head to be delivered."
"A 26-year-old woman in labor is experiencing prolonged labor, with slow progress in the active phase. She was told that takng tea with a lot of tea leaves quickens labor. The healthcare team is monitoring her closely and considering interventions to assist with the delivery.",Prolonged labor; Prolonged active phase,"How has the patient's prolonged labor and active phase been managed, and what interventions have been considered to assist with the delivery process?",Taking tea with too much tea leaves quickens labor.,The essence of taking tea is to aid the mother have energy to push. Taking tea with too much tea leaves can lead to prescipitate labor and uterine rupture due to over stimulation of the uterus.,"Do an ultrasound scan. Rupture membranes and observes for meconium staining. Rescusitate mother with IV fluids. Augment labor with oxytocin if contractions are inadequate. Continue monitoring the labour until vaginal delivery is achieved, if it fails deliver baby by cesearean section."
"A 26-year-old woman has just delivered her baby and is in the fourth stage of labor. In her culture, the woman is supposed to tie her abdomen after delivery. The healthcare team is providing postpartum care to ensure her well-being and the health of her newborn.",Management of the fourth stage and first 24 hours,"How has the patient's fourth stage of labor and the first 24 hours postpartum been managed, and what care has been provided to ensure her well-being and the health of the newborn?",Tying abdomen with cloth after delivery to make the abdomen small again.,"This is disastrous because it can lead to poor uterine involution after delivery, it should therefore be avoided. Through exercises, the abdomen can grow small.",Monitor vital signs. Initiate breastfeeding. Check for vaginal bleeding. Assess for contraction of the uterus. Transfer mother to a more comfortable place. Give routine medication like tetracycline to the baby and the vaccination like polio 0 and BCG vaccine. encourage regular bladder emptying. encourage mother to get enough rest.
"A 29-year-old woman with a prolonged labor requires augmentation to assist with the delivery process. In her village, traditional birth attendants are the best to trust for a good delivery. The healthcare team is considering the use of oxytocin to augment her labor.",Induction and augmentation of labor; Augmentation of labor using oxytocin,"How has the patient's prolonged labor been managed, and what steps have been taken to augment her labor using oxytocin?",Traditional birth attendants are the best at conducting deliveries.,"Traditional birth attendants have lost many mothers on their hands espescially if the mother has a complication, they rarely have up to date knowledge.",Infuse 2.5IU of oxytocin in 500ml of normal saline and give 10 drops per minute. Increase by 10 drops per minute in 30 minutes to achieve atleast 3 contractions. Monitor fetal wellbeing. Increase by 10 drops per minute bu t maximum should be 60 drops per minute until a satisfactory contractions partern is achieved. Stop augmentation if there are no contractions or signs of fetal distress.
A 28-year-old woman in labor is experiencing difficulty due to a breech presentation. She was told that women with bim bums give birth to babies with a breech presentation. The healthcare team is considering the best approach for a safe delivery.,Breech delivery,"How has the patient's breech presentation been managed during labor, and what approach has been taken for a safe delivery?",A woman with a big bum gives birth to a child with a breech presentation.,"A woman's physical structure has no influence on the presentation of the unborn child. The predisposing factors to breech presentation are grand multiparity, prematurity, placenta previa, multiple pregnancies and uterine fibroids.",Do an obstetric ultrasound scan. Do an abdominal and vaginal examination. Do pelvictometry to assess adequacy of the pelvis. Assess fetal wellbeing. If there are no contraindications to vaginal delivery then perform manouevers to delivery the baby.
"A 30-year-old woman in labor has a face presentation, making the delivery process more challenging. She was told that as long as the head coming out first can be delivered vaginally. The healthcare team is monitoring her closely and providing guidance for a safe delivery.",Face presentation,"How has the patient's face presentation been managed during labor, and what steps have been taken to assist with the delivery process?",Any baby with the head in the lower part of the uterus can be delivered vaginally.,"The baby can always be born vaginally if there no CPD, other parameters normal that is, longitudinal lie, cephalic presentation, right or left occipital anterior and well flexed. If the parameters deviate, the mother stands a risk of having a cesearean section delivery.","Do an obstetric ultrasound scan. Monitor wellbeing of the foetus. If mento-anterior position thenprepapre for vaginal delivery, if mento-posterior position, then prepare mother for cesearean section."
"A 26-year-old woman in labor has a brow presentation, which is complicating the delivery process. She was told that if a baby is not well positioned, all the babies come out like that. The healthcare team is considering interventions to assist with the delivery.",Brow presentation,"How has the patient's brow presentation been managed during labor, and what interventions have been considered to assist with the delivery process?",Malpresentation of a baby influences the presentation of the subsequent babies.,Every pregnancy is unique. Malpresentation in one pregnancy doesnot guarrantee the same case in subsequate pregnancies though the risk stands.,Do an ultrsound scan. Avoid augmentation or labour of instrunment delivery. Prepare mother for cesearean section.
A 27-year-old pregnant woman at 37 weeks of gestation has experienced a sudden gush of clear fluid from her vagina. She was told that this is caused by urinating in a dirty place. She is concerned about the rupture of membranes and the potential risk of infection.,Pre-labor rupture of membranes (PROM),"How has the patient's pre-labor rupture of membranes been managed, and what measures have been taken to prevent infection and ensure a safe delivery?",Urinating in a dirty place causes pre-labor rupture of membranes.,Urinating in a dirty place predisposes one to infections but doesnot directly cause pre-labour rupture of membranes.,"Do an ultrasound scan. Do tests like CBC, and urinalysis. Take antibiotics. Encourage plenty of bedrest. Monitor fetal wellbeing 2 hourly. Plan for delivery. Do pelvictometry to assess adequacy of the pelvis. Induce labour if it does not start spontaneously within 24 hours."
"A 29-year-old pregnant woman is expecting twins and is seeking guidance on the management of her multiple pregnancy. In her culture, eating fused bananas causes one to get multiple pregnancies. She is concerned about the increased risks associated with multiple pregnancies and the health of her babies.",Multiple pregnancies,"How has the patient's multiple pregnancy been managed, and what steps have been taken to address the increased risks and ensure the health of the babies?",Eating fused bananas causes one to get multiple pregnancies.,"Multiple pregnancies is not connected to eating fused bananas, it happens because of genetic predisposition, fertility medication and others.",Do a thourough abdominal examination. Attend ANC regularly. Take iron supplements regularly. Eat a balanced diet. Take plenty of fluids. 
"A 28-year-old woman in labor is experiencing slow progress during the first stage. In her culture, a pregnant woman is not supposed to eaty eggplants locally called ntula, otherwise her baby will have skin rash. The healthcare team is monitoring her closely and considering interventions to assist with the labor process.",Management of the first stage of labor,"How has the patient's slow progress during the first stage of labor been managed, and what interventions have been considered to assist with the labor process?",Eating eggplants causes the baby to have skn rash.,Eggplants are vegetables rich in minerals and vitamins needed in the body. Skin rash is a far fetched connection.,"Take thorough history of the current pregnancy. Look, listen and feel the mother's response to contractions and different happenings during labor. Do vaginal and abdominal examination to confirm labor. Do tests like blood haemoglobin level, blood gouping and cross-matching and urinalysis for acetone, protein and sugar. Assess fetal wellbeing. Monitor progress of labor on the partograph. Maintain proper hygiene. Provide labor companionship. Ensure proper nutrition."
A 30-year-old woman in the second stage of labor is experiencing difficulty in pushing the baby out. She was told that chewing garlic and having good hips eases labour. The healthcare team is providing support and guidance to help her through the process.,Second stage of labor,"How has the patient been supported and guided during the second stage of labor, and what steps have been taken to assist with the delivery of the baby?",Eating garlic and having good hips eases labor.,Having good hips maybe be an indicator that the pelvis has no abnormalities but this doesnot guarrantee a smooth delivery because there are other factors that be at play. Garlic is not scientifically proved to easee labor.,Ensure that all the delivery equipment are present. Prepare the rescusitation corner. Assist mother into the most comfortable position. Ensure that the bladder is emptied continuosly. Provide emotional support. Allow the mother to push at a contraction. wait until the head is out and support the perineum.
"A 26-year-old woman has just delivered her baby and is in the third stage of labor. In her culture, the placenta should be pushe by the mother. The healthcare team is monitoring the delivery of the placenta and ensuring that there is no excessive bleeding.",Third stage of labor,"How has the patient's third stage of labor been managed, and what measures have been taken to ensure the safe delivery of the placenta and prevent excessive bleeding?",Placenta should be pushed by the mother.,"In expectant management, this can be done but this increases the risk of having placenta retained. Assisted management of the third stage of labour is commonly practised.","Massage uterus to rule out presence of an undiagonized twin. Administer oxytocin intramuscularly like 10 international units. Delay cord cutting and clampinf for 3 minutes. Clamp and cut the cord. Place hand above symphysis pubis and deliver the placenta by controlled cord traction. Check placenta for infacts, completeness and adnormalities."
"A 25-year-old pregnant woman is experiencing severe nausea and vomiting, leading to dehydration and weight loss. She was told that she is not supposed to eat fish because the child will gape like a fish. She is diagnosed with hyperemesis gravidarum and receives treatment to manage her symptoms and ensure her well-being and the health of her baby.",Hyperemesis gravidarum,"How has the patient's hyperemesis gravidarum been diagnosed and managed, and what measures have been taken to ensure her well-being and the health of her baby?",Eating fish makes the child gape like a fish.,Fish is rich in omega 3 and omega 6 which is beneficial to a woman's health especially if pregnant. ,Get up slowly from the bed. Brush one hour after a meal. Avoid fatty and spicy foods. Eat small but frequent meals. Drink ginger teas. Inhale peppermint oils. Eat dry foods. Take antiemetics like metroclopramide and antihistamines. Increase fluid intake to counter dehydration.
A 26-year-old pregnant woman has received the devastating news of intrauterine fetal death during a routine ultrasound examination. She was told that this is caused by sitting while streching only one leg which squeezes the child. She is distraught and seeks support and guidance on the next steps.,Intrauterine fetal death,"How has the patient been supported and guided following the diagnosis of intrauterine fetal death, and what steps have been taken to manage the situation?",IUFD is caused by sitting while only one leg is stretched thus squeezing the child in-utero.,"IUFD is caused by complications of pregnancy like hypertension, gestational diabetes, congenital abnormalities, oligohydrominous, placental abnormalities and others.","Do an obstetric ultrasound scan. Do tests like CBC, blood grouping and cross-matching, blood slide for malaria, random blood sugar, rhesus factor, syphilis test, urinalysis and others. Draw plan of management. Ensure blood availability. Rescusitate mother with fluids. "
A 30-year-old pregnant woman at 36 weeks of gestation is experiencing severe pain and discomfort due to a breech presentation. Her grandmother told her that she is not supposed to tie anything around the stomach because it causes abnormalities to the pregnancy. She is concerned about the safety of her delivery and the health of her baby.,Breech presentation,"How has the patient's breech presentation been managed, and what steps have been taken to ensure a safe delivery and the health of the baby?",Tying anything around the stomach causes abnormalities to the pregnancy.,"Breech presentation is caused by grand multiparity, prematurity, placenta previa, multiple pregnancy and uterine fibroids.",Do an obstetric ultrasound scan. Do an abdominal examination. Do external cephalic version with caution after gaining consent from the mother. Assess fetal wellbeing. 
A 28-year-old pregnant woman has been diagnosed with gestational diabetes during a routine glucose tolerance test. She was told that people who eat too many sweets are the ones who get gestational diabetes. She is worried about the impact of gestational diabetes on her pregnancy and the well-being of her baby.,Gestational diabetes,"How has the patient's gestational diabetes been managed during her pregnancy, and what measures have been taken to ensure the health of the baby?",Eating too many sweets causes gestational diabetes.,Eating too many sweets does not cause gestational diabetes as long as the blood sugar is regulated. Gestational diabetes can be caused when blood sugar is not well regulated due to insulin resistance.,"Do tests like random blood sugar, eye exam, LFT, RFT, HBA1C, urine albumin creatinine ration and serum vitamin B12. Do physical exercises. Improve on diet. Learn self-glucose monitoring. Use medication to regulate blood sugar if non-phamacological means fail."
A 24-year-old pregnant woman at 34 weeks of gestation is experiencing regular contractions and signs of preterm labor. She is anxious about the possibility of delivering her baby prematurely and the associated risks. She was told that prematures either die or have complications.,Preterm (premature) labor,"How has the patient's preterm labor been diagnosed and managed, and what steps have been taken to ensure the well-being of the baby?",Prematures always die or get complications.,"Prematures stand various risks but if managed adequately, the baby survives and may not have complications.","Do an obstetric ultrasound scan. Do tests like mRDT malaria test and any other tests to establish any infection and treat. Administer emergency medicines like dexamethasone, antibiotics and magnesium sulphate. Get plenty of bedrest. Monitor fetal wellbeing."
"A rural health center is experiencing a shortage of essential medical supplies, including antibiotics, oxytocin, and IV fluids. Patients argue that they shouldnot buy anything in a government hospital. The healthcare staff are working to prioritize available resources and coordinate with nearby facilities for support.",Health supplies,"How has the health center managed the shortage of essential medical supplies, and what steps have been taken to prioritize resources and coordinate with nearby facilities for support?",Patients should not buy anything in a government hospital.,Patients should not be buying anything in a government hospital but sometimes supply of resources delays and sometimes the demand is greayer than what is supplied. Patients should therefore be ready to incur a little cost when it is absolutely necessary.,Take stock of the available resources. Management should be improved. Security of supplies should be ensured. Records of output should be noted and balanced with the remainder in the store. Timely request for restocks should be done.
"A pregnant woman is receiving goal-oriented antenatal care at a local health facility. The healthcare team provides comprehensive assessments, health education, and interventions tailored to the woman's specific needs and risk factors. The woman says that scans are dangerous to the body and they cause cancer.",Goal-oriented ANC,"What components of goal-oriented antenatal care have been provided to the pregnant woman, and how has her care been tailored to her specific needs and risk factors?",Ultrasound scan s are dangerous and they cause cancer.,"Ultrasound scans are a necessary evil, exposure to the electrons can be disastrous, the risk is minimized when it is not done often. Ultrasound scans should therefore not be done as a routine, only in once in evry trimester or when there is a complication.","Tests like HIV serolology, syphilis test, hepatitis B test, malaria test, UTI test and others. Abdominal examination to ensure that the child is growing. Arthropometric measurements to monitor growth. IPT as prophylaxis for malaria. Iron supplements to prevent anemia. health education talks. vaccination like tetanus vaccine."
"A 28-year-old pregnant woman is feeling fatigued and has pale skin. She is diagnosed with anemia and receives treatment to improve her iron levels and overall health during pregnancy. In her culture, anaemia is caused by someone standng over you while youre seated.",Anaemia in pregnancy,"How has the patient's anemia been diagnosed and managed during her pregnancy, and what steps have been taken to improve her iron levels and overall health?",Anaemia is caused by someone standing over you while you are seated.,Someone standing over another who is seated is not connected to anaemia. It is a result of low HB count which be caused by less production due to iron deficiency or excessive breakdown of red blood cells like in severe malaria and leukemia.,"Do tests for HB estimation. Do a full haemogram. Do other tests like CBC, blood grouping and crossmatching, reticulocyte count, urinalysis, malaria test and others. Rest in propped up position. Administer oxygen using a facemask. Give fluids lke normal saline intraveneously. Transfuse with packed cells along witha diuretic like furosemide. Treat underlying cause. Increase intake of iron, proteins and vitamins."
A 30-year-old pregnant woman living in a malaria-endemic area is diagnosed with malaria. She was told that drinking herbs like mululuza (local herbs) cures malaria. She receives treatment to manage the infection and prevent complications for herself and her unborn baby.,Management of malaria in pregnancy,"How has the patient's malaria been diagnosed and managed during her pregnancy, and what measures have been taken to prevent complications for both the mother and the unborn baby?",Local herbs called mululuza cure malaria.,Local herbs are not regulated and they can have side effects that can range from mild to severe with no known remedy. They are also easily contaminated.,"Do a blood slide test, CBC, urinalysis, HIV serology test, blood culture and others. Take an analgesic and antipyretic like paracetamol. Take antimalarials prescribed from a recognized facility. Take plenty of fluids. Eat a balanced diet. Increase the nutritional supply or iron, proteins and vitamins."
A 26-year-old pregnant woman with a history of hypertension is experiencing severe headaches and blurred vision. She was told that this is caused by overquarreling and not resting. She is diagnosed with preeclampsia and receives treatment to manage her blood pressure and protect her health and that of her baby.,Management of hypertensive disorders in pregnancy,"How has the patient's preeclampsia been diagnosed and managed during her pregnancy, and what steps have been taken to manage her blood pressure and protect the health of both the mother and the baby?",Overquarreling and not resting causes preeclampsia.,"Preeclampsia is caused by trophoblastic invasion from the placenta, blood vessel invasion, genetic predisposition and others.","Do tests like CBC, urinalysis, RFTs, LFTs and other tests. Administer magnesium sulphate to control fits. Administer antihypertensives like labetarol, nifedipine, methyldopa and others. Get plenty of rest. "
"A newborn is delivered in a rural clinic without advanced medical facilities. In her culture the baby is supposed to be kept indoors until 4 days elapse after delivery. The healthcare staff quickly assess the baby's condition and provide the necessary immediate care, including drying, warming, and initiating breastfeeding.",Care of the newborn; Immediate care in the first 60 minutes,"What immediate care was provided to the newborn in the first 60 minutes, and how was the mother involved in the care process?",Baby is to be kept in doors till 4 days elapse after delivery.,A baby can benefit from the early morning sun but if the environment is dirty then the baby can be kept indoors.,Cut cord and tie it. Note the time of delivery. Dry the baby thoroughly and keep it warm. Monitor the vital signs after taking the Apgar score. Do a quick examination to rule out abnomalities. Measure babies weight and take the length. Check if baby has passed urine and stool. initiate breastfeeind. Keep baby skin-to-skin. Administer the routine medication and vaccines. Check fr te different reflexes.
"A 3-day-old newborn is brought to the clinic with signs of difficulty breathing, poor feeding, and lethargy. In her culture, whe a woman eats liver when pregnant, the baby passes stool all the time. The healthcare team quickly assesses the baby's condition and provides appropriate care to stabilize the newborn.",Care provided for a newborn identified with danger signs,"What care has been provided to the newborn identified with danger signs, and how has the healthcare team worked to stabilize the baby's condition?",Eating liver when pregnant makes the baby poop all the time.,Liver contains good fat that is important for the mother. Eating liver doesnot have a connection with a baby passing stool all trhe time.,"Monitor vital signs of the baby and record them. Do a thorough newborn examination. Note down the danger signs identified. Continue breastfeeding the child, if he or she cannot breastfeed then express the milk and feed the baby orally. Administer antibiotics and other medications required. keep the baby warm at all times. "
"A 5-day-old newborn with severe jaundice requires referral to a higher-level facility for phototherapy and further evaluation. In her culture, a mother is not supposed to jump over the cloth used first on the child, lest the baby gets complications. The healthcare staff coordinate the referral process and ensure the baby is transferred safely.",Referral of a sick newborn,"What steps have been taken to refer the sick newborn to a higher-level facility for phototherapy, and how was the referral process coordinated to ensure a safe transfer?",Jumping over the first cloth used on a baby by its mother causes the baby to have complications.,Jumping over the first cloth of the child has no proved implication on the health pf the baby.,Keep baby skin-to-skin with the mother. Note down all the details about the baby in the file and make a thorough referral note. Breastfeed the baby. 
A local community in a remote area actively participates in a reproductive health program to improve maternal and newborn health outcomes. Some community memebera argue that family planning methods cause infertility. Community leaders and members engage in health education and awareness activities.,Community participation in reproductive health programs,"What role has the community played in the reproductive health program, and how has their active participation contributed to the improvement of maternal and newborn health?",Family planning causes infertility.,"Family planning delays pregnancy but if pregnancy is desired, family planning can be discontinued. And not every family planning method can be used by any one, peopl should seek advice before picking on a method.",Encourage male involvement. Encourage people to ask questions to as to dispel misconceptions. Sensitize the community on available health programs and how to benefit from them. Train and recruit people on the village health teams.
A 24-year-old pregnant woman with severe pre-eclampsia requires referral to a tertiary hospital for further evaluation and management. She fears that she is going to die and that the medics cannot help her. The healthcare team at the clinic coordinates the referral process and ensures a smooth transfer.,Referral,"What steps have been taken to refer the patient with severe pre-eclampsia to a higher-level facility, and how was the referral process coordinated to ensure a safe transfer?",Patient is going to die and medics cannot help.,"the pint in a referral is to take a patient where she can get more and better services in order to same her life. Not all facilities are the same, some provide more comprehensive services that some patients need.",Organise all the patient records in her file. Admisiter magnesium sulphate to prevent convulsions. Monitor fetal wellbeing and document. Rescusitate mother with fluids. A trained personnel must accompany the mother to the refferral point.
"A 32-year-old breastfeeding mother comes to the clinic with a painful, swollen lump in her right breast. She read online that a breast abscess is caused by wearing bras when breastfeeding. She has a history of recurrent mastitis and has been experiencing fever for the past two days.",Breast abscess,"How has the patient's breast abscess been diagnosed and managed, considering her previous history of mastitis?",Wearing bras when breastfeeding causes a breast abscess.,Wearing a bra doesnot affect the breast as long as it is comfortable. The bra should be washed regularly to prevent infections.,Use a warm compress. Get a good bra to support the breast. Do tests like CBC and an x-ray of the breast. Continue breastfeeding. Take antibiotics as prescribed.
"A 28-year-old pregnant woman who tested positive for HIV during her antenatal visit is concerned about the health of her unborn child. She is receiving antiretroviral therapy and attending regular antenatal check-ups. She was told that since she is positive, her child is also positive.",HIV/AIDS in pregnancy,"What steps have been taken to manage the patient's HIV/AIDS during her pregnancy, and how has the health of the unborn child been considered?",An HIV/AIDS positive mother carried an HIV/AIDS positive child.,"A mother who is HIV positive is very much capable of carrying a child and he or she does not get infected. This is achieved through keeping healthy, adhering to medication and delivering from a hospital.",Continue taking the ARVs. Seek advise on the best regimen to follow. Do a viral load count test to asess the risk. Eat a balanced diet. Treat any infection immediately. Take plenty of fluids. Keep the body active to make it strong. Get partner tested and also started on treatment. Plan for delivery from a hospital. Get nevirapine syrup for the child at birth.
A pregnant woman living in a region recently affected by an Ebola outbreak has been diagnosed with the virus. She is receiving treatment in an isolation ward and is worried about the implications for her pregnancy. She was told that one cannot get ebola twice.,"Viral hemorrhagic fever (Ebola, Marburg, Lassa, Yellow Fever, etc.)","How has the patient's viral hemorrhagic fever been diagnosed and managed during her pregnancy, considering the ongoing outbreak in her region?",One cannot get Ebola twice.,Ebola re-infection can occur because the body doesnot develop natural immunity against it. One should therefore be careful and prevent re-infection if she survives.,Isolate from others to prevent spreading the disease. Avoid contact with blood or body fluids of an infected person. Take plenty of fluids. Eat a balanced diet. Take immune boosters like vitamin supplements. Keep the body active to promote healing.
A pregnant woman who tested positive for COVID-19 is in labor. She was told that taking waragi prevents COVID-19 contraction. The healthcare team is taking precautions to prevent transmission to the newborn and is monitoring the mother's condition closely.,Intrapartum care for COVID-19 in pregnancy,"What measures have been taken to provide intrapartum care for the patient with COVID-19, and how has the risk of transmission to the newborn been addressed?",Taking waragi protects from COVID-19,"Waragi doesnot protect one from COVID-19 and besides that, alcohol should strictly be prohibited during pregnancy.",Isolate from others. Wash hands regularly. Sanitize surfaces oftenly. Eat a balanced diet. Take plenty of fluids. Take immune boosters like vitamin supplements.
A woman who recently gave birth has been diagnosed with COVID-19. She is concerned about breastfeeding and caring for her newborn while managing her illness. The woman claims though that her her immunity is strong and so she will handle the illness with out a problem.,Postpartum care in COVID-19 mothers,"What postpartum care has been provided to the patient with COVID-19, and how has the care of her newborn been managed considering her diagnosis?",Strong immunity is good enough to fight the illness with out any problem.,"When an nfection attacks the body, the body first fights in but when one gets sick, then the body has failed or cannot fight the disease and so the parient always needs to get medication to support the mmune system.",Isolate from others. Wash hands regularly. Sanitize surfaces oftenly. Express milk to feed the baby. Take plenty of fluids. Take immune boosters like vitamin supplements.
"A 27-year-old pregnant woman is experiencing frequent urination, burning sensation during urination, and lower abdominal pain. The woman says that this happened because the jumped over water from a lodge bathroom. The healthcare team is providing treatment for a suspected urinary tract infection and monitoring her closely.",Urinary tract infections in pregnancy,"How has the patient's suspected urinary tract infection been diagnosed and managed during her pregnancy, and what measures have been taken to ensure her well-being and the health of the baby?",Jumping over water from a lodge bathroom causes UTIs.,Jumping over water from the lodge bathroom doesnot have anything to do with UTIs. UTIs are caused by bacterial infections due to recurrent presence of stagnant urine in the bladder or poor hygiene.,"Do urinalysis to check for sugar, red blood cells, leukocytes, protein nitrines and others. Do other tests like CBC and mRDT to rule out malaria. Take plenty of fluids. Maintain good hygiene. Frequently empty the bladder. Take treatment as prescribed and adhere to it. "
"A 30-year-old woman is experiencing abnormal vaginal discharge with an unusual color and odor. She was told that if a woman eats fish after giving birth, she remains witha permanent fishy smell. The healthcare team is providing treatment to address the abnormal discharge and monitoring her closely.",Abnormal vaginal discharges,"How has the patient's abnormal vaginal discharge been diagnosed and managed, and what measures have been taken to ensure her well-being?",Eating fish after delivery makes a woman to have a permanent fishy smell.,Fishy smell is because of vaginosis which is usually bacterial. This can be treated and it heals thus normalizing the vaginal discharge smell.,"Do a speculum exam and a high vaginal swab for microscopy. Do culture and sensitivity if necessary, potassium hydroxide test for bacterial vaginosis and PCR test for clamydia. Maintain good hygiene. Take plenty of fluids. Eat a balanced diet. Get treatment for a recognised facility and adhere to it."
"A 28-year-old woman is experiencing painful sores on her genital area. She was told that if your partner has an infectin, you can see it and if you shower immediately, then you do not get it. The healthcare team is providing treatment for suspected genital ulcers and monitoring her closely.",Genital ulcers,"How has the patient's suspected genital ulcers been diagnosed and managed, and what measures have been taken to ensure her well-being?",You can see an infection if your partner has it and showering immediately prevents getting infected.,The ulcers are visble but sometimes one can be asymptomatic and still spread the infection. Showering doesnot protect from getting infected.,Extract mass from the ulcer for culture and sensitivity. Take antibiotics as prescribed. Sitz bath using warm salty water. Abstain from vaginal intercourse until fully healed. Get partner tested and treated concurrently.
"A 26-year-old woman is experiencing small, flesh-colored bumps on her genital area. She was told that this is caused by poor hygiene. The healthcare team is providing treatment for suspected genital warts and monitoring her closely.",Genital warts,"How has the patient's suspected genital warts been diagnosed and managed, and what measures have been taken to ensure her well-being?",Poor hygiene causes genital warts.,Genital warts is a sexually trasnsimitted infection. Poor hygiene increases the risk of contracting the infection but even cleaning up doesnot reverse the infection.,"Do tests like CBC, urinalysis, VRDT test for syphilis and other infections. Take antibiotics as prescribed. Follow the treatment plan like laser removal of the warts. Get partner treated and testsed."
"A 24-year-old breastfeeding mother is experiencing pain, swelling, and redness in one of her breasts. she was told that a woman should give some concentrated milk while also breastfeeding so that the baby gains weight. The healthcare team is providing treatment for suspected mastitis and monitoring her closely.",Mastitis,"How has the patient's suspected mastitis been diagnosed and managed, and what measures have been taken to ensure her well-being and support for breastfeeding?",Baby should be given concentrated milk for the baby to gain weight while she is also breastfeeding.,Concentrated milk causes the baby to have diarrhoea or even enterocolitis. Breastmilk is sufficient for the baby.,Do tests like CBC. Use a warms compress. Continue breastfeeding. Express breastmilk if its too much. Take antibiotics as prescribed. Take painkillers as prescribed.
A 30-year-old pregnant woman in her third trimester is experiencing vaginal bleeding. She was told that bleeding occurs because of menstruation and that it ends and pregnancy contnues. The healthcare team is providing treatment for suspected antepartum hemorrhage and monitoring both the mother and the baby closely.,Antepartum hemorrhage,"How has the patient's suspected antepartum hemorrhage been diagnosed and managed, and what measures have been taken to ensure the well-being of both the mother and the baby?",Menstruation continues even during pregnancy and it is the reason for the bleeding.,"When a woman becomes pregnant, the only bleeding that is normal is implantation bleeding which can judt be spotting. Menstruation ceases till after delivery and most cases, 6months after delivery so any bleeding that occurs is a danger sign.",Do an ultrasound scan. Do tests like CBC and blood grouping and cross-matching. Manage according to the cause of the bleeding. Encourage plenty of bedrest. Rescusitate mother with crystallods like normal saline. Give oxygen by face mask or nasal prongs.
A 28-year-old woman who recently gave birth is experiencing heavy vaginal bleeding. She thinks that a woman bleeds either because its an abortion or menstruation. The healthcare team is providing treatment to manage the postpartum hemorrhage and monitoring her closely.,Postpartum hemorrhage,"How has the patient's postpartum hemorrhage been managed, and what steps have been taken to ensure her well-being?",Haemorrage occurs only during mentruation or abortion so she thinks that it could be menstruation.,"After delivery, mentruation doesnot return right away so the bleeding is not normal. Postpartum haemorrhage may occur due poor uterine contraction, tears or poor clotting factors.","Check for breathing, airway partency and circulation. Monitor vitals signs continuosly. Give crystalloinds like normal saline. Give oxygen by face mask. Give medications like carboprost and tranexamic acid to control bleeding. Insert catheter to drain the bladder. massage uterus to ensure that its well contracted and expell any retained products. check clotting time of the blood. Transfuse if necessry. check for any tears and have them repaired. give oxytocin through normal saline."
"A 26-year-old woman who gave birth two weeks ago is experiencing vaginal bleeding again. In her culture, a woman must perfom rituals to appease the gods after delivery, short of that , she dies. The healthcare team is providing treatment for suspected secondary postpartum hemorrhage and monitoring her closely.",Secondary postpartum hemorrhage,"How has the patient's suspected secondary postpartum hemorrhage been diagnosed and managed, and what measures have been taken to ensure her well-being?",Failure to perform rituals to thanks gods causes death to the mother.,"Secondary postpartum haemorrhage is caused to a number of factors like poor uterine contraction. Tears that are not repaired, little clotting factors and others. It can be managed and the mother stabilizes.","Check the airway, breathing and circlation.  Monitor vitals signs and rule out shock. Do test like CBC, blood grouping and crossmatching clotting time. Book atleast two units of blood. Administer drugs like oxytocin and trnexamic acid. Massage uterus. Repair any tears. establish cause of bleeding and treat. Empty the bladder by catheterization. Administer crystalloids like normal saline."
A 24-year-old woman in labor is experiencing severe abdominal pain and signs of shock. She belives that a uterus can heal even after a rupture. The healthcare team is providing treatment for a suspected ruptured uterus and preparing for emergency surgery.,Ruptured uterus,"How has the patient's suspected ruptured uterus been diagnosed and managed, and what steps have been taken to ensure her well-being and the safety of the baby?",A uterus can heal after a rupture.,"A ruptured uterus is removed only when it cannot be repaired. But if the ruture was not complete, it can be repaired and it heals.",Do tests like CBC and blood grouping and crossmatching. Book blood. Admister crystalloids. Monitor fetal wellbeing and maternal wellbeing. Prepare mother for an emergency cesearean section.
A 29-year-old woman who had a complicated delivery is experiencing signs of anemia and requires a blood transfusion. Her religion prohits sharing body fluids with other people. The healthcare team is ensuring a safe transfusion and monitoring her closely.,Blood transfusion,"What steps have been taken to ensure a safe blood transfusion for the patient, and how has she been monitored during the process?",Blood trasnfusion is sacrilegious.,Blood trasfusion is usually an emergency  intervention to save a life. Blood is always cleaned and purified. It is not done unless it is absolutely necessary.,Establish intravenous access. Ensure aseptic technique. Do tests like CBC and blood grouping and cross-matching. Assess rhesus compatibility. Carry out blood transfusion aseptically. Give prophylatic antibotics. Insert catheter to monitor urine output. may consider administerung a diuretic like frusemide. ensure that mother is in a comfortable positon.
A 27-year-old woman who had an abortion is experiencing abdominal pain and signs of infection. She was told that taking tea with a lot of tea leaves can carry out an abortion. The healthcare team is providing treatment to address the complications and monitoring her closely.,Management of abortion complications,"How have the patient's abortion complications been managed, and what measures have been taken to ensure her well-being?",Tea with a lot of tea leaves helps one to abort.,Tea leaves causes contactions but it is not sufficent to laed to a complete and safe abortion.,"Do an ultrasound scan. Do tests like CBC, blood grouping and cross-matching. Admisnister fluids like normal saline. Give a broad spectrum antibiotic like ampicillin or ceftriaxone. Assess need for a surgical procedure. Provide post abortion care."
"A 25-year-old woman who had an abortion is experiencing fever, abdominal pain, and foul-smelling vaginal discharge. She says that abortion is dangerous. The healthcare team is providing treatment for suspected sepsis following the abortion and monitoring her closely.",Management of sepsis following abortion,"How has the patient's suspected sepsis following her abortion been diagnosed and managed, and what measures have been taken to ensure her well-being?",Abortion is dangerous.,"Abortion espescially if done in the first trimester is a very safe medical procedure, complications are minimal more so if followed by sufficient post-abortion care.","Do an ultrasound scan. Do tests like CBC, blood grouping and cross-matching. Give crystalloids like normal saline. Give a broad spectrum antibiotic like ampicillin. Advise on safe ways to carry out an abortion. Advise on proper hygiene. Plan follow up visits. provide post abortion care."
A 29-year-old woman who had an abortion is feeling emotionally distressed and is seeking support. She fears that abortion leads to permanent infertility.The healthcare team is providing post-abortion counseling to help her cope with her feelings and provide guidance.,Post-abortion counseling,"What post-abortion counseling has been provided to the patient, and how has she been supported in coping with her emotions?",Abortion leads to long- term infertility.,Abortion is not linked to infertility.  Awoman is capable of conceiving again after going through an abortion.,"Ask about how abortion occurred, whether it was spontaneous or induced. Advise on how to avoid unplanned pregnancies. Connect mother to a social support group. Provide an analgesic. Sensitize mother on the various family planning methods available. Allow mother to ask any questions."
A 30-year-old woman who had a molar pregnancy is experiencing persistent vaginal bleeding and abdominal pain. She read online that it s cancerous. The healthcare team is providing treatment to manage gestational trophoblastic disease and monitoring her closely.,Gestational trophoblastic disease management,"How has the patient's gestational trophoblastic disease been managed, and what measures have been taken to address her symptoms and ensure her well-being?",Gestational trophoblastic disease is cancerous.,Gestational trophoblastic disease is aused when two sperms fertilize one ovum or when a sperm fertilizes an empty ovum. It is not always cancerous.,"Do an ultrasound san. Do an HCG test, CBC, LFT, RFT, blood grouping and cross-matching. Administer prophylactic antibiotics. Book blood. Administer anti-Rh (D) to immune globulin to Rh (D) negative women. Perfom surgical curretage to remove the mole."
"A 26-year-old woman in her first trimester of pregnancy is experiencing abdominal pain and vaginal bleeding. In her culture, this happens when a woman gets pregnant for a man who is not her husband. The healthcare team is providing treatment for a suspected ectopic pregnancy and monitoring her closely.",Ectopic pregnancy,"How has the patient's suspected ectopic pregnancy been diagnosed and managed, and what steps have been taken to ensure her well-being?",Ectopic pregnancy occurs when a woman becomes pregnant for a man who is not her husband.,"Ectopic pregnancy is caused by infections like pelvic inflammatory diease, scars in the fallopian tube and others. Some times the cause is not known. It can happen regardless of the father of the child.","Do an ultrasound scan to locate the ectopic. Do an HCG test. Do other tests like CBC, urinalysis, blood grouping and cross-matching."
"A 28-year-old woman has just delivered her baby and is receiving postpartum care. In her culture, a woman after delivery is not supposed to eat ground nuts becuase they cause diarrhoea. The healthcare team is monitoring her vital signs, assessing her recovery, and providing support for breastfeeding and newborn care.",Postpartum care,"What postpartum care has been provided to the patient, and how has her recovery and the care of the newborn been managed?",Eating groundnuts after delivery causes diarrhoea.,"Eating groundnuts is not only problematic when the mother is allergic to groundnuts, other than that diarrhoea maynot occur. She can therefore eat them if she wants.",Monitor vital signs. Initiate breastfeeding. Check for vaginal bleeding. Assess for contraction of the uterus. Transfer mother to a more comfortable place. Give routine medication like tetracycline to the baby and the vaccination like polio 0 and BCG vaccine. Encourage bladder emptying regularly.
"A 30-year-old breastfeeding mother is experiencing painful swelling of the breasts, making it difficult for her to breastfeed. She read online that a breast can burst when it gets engorged. The healthcare team is providing treatment and guidance to help alleviate her discomfort.",Breast engorgement,"How has the patient's breast engorgement been managed, and what steps have been taken to provide relief and support for breastfeeding?",A breast can burst when it gets engorged.,A breast cannot burst due to breast engorgement but it can become very painfull untill it is relieved.,Continue breastfeeding regaularly. Harvest the milk if its too much. Take painkillers as prescibed. Ensure that the baby is in a healthy condition to guarrantee maximum feeding. Use soft breast pads and change them regularly. Use a warm compress on the breast.
"A 26-year-old breastfeeding mother is experiencing cracked and sore nipples, causing her pain and discomfort during breastfeeding. She was tols that this is caused when a mother breasfeeds her child in the dark. The healthcare team is providing treatment and advice to help her continue breastfeeding.",Cracked/sore nipples,"How has the patient's cracked and sore nipples been managed, and what advice has been provided to help her continue breastfeeding?",Breastfeeding in the dark causes cracked or sore nipples.,Nipples get cracked usually due to trauma that occurs because of poor breastfeeding technique. It can also happen when the skin is too dry.,Continue breastfeeding. Express some milk and apply it only the nipples and leave them exposed. Take antibiotics as prescribed. Take an analgesic to minimize the pain. Practice good breastfeeding technique.
"A 24-year-old woman who recently gave birth is experiencing fever, abdominal pain, and foul-smelling vaginal discharge. She was told that a woman is supposed to drink herbs to wash the womb. The healthcare team is providing treatment for suspected puerperal sepsis and monitoring her closely.",Puerperal sepsis,"How has the patient's suspected puerperal sepsis been diagnosed and managed, and what measures have been taken to ensure her well-being?",A woman is drink herbs to wash the womb after delivery.,Herbs are assoociated with side effects and they are easily contaminated thus the pueperal sepsis.,"Do tests like CBC, urinalysis, blood grouping and crossmatching. Maintain good hygiene. Assess the cause of the sepsis. Take broad spectrum antibiotics as prescribed. Give crystalloids like normal saline. Do ultrasound scan."
A 29-year-old woman who had an abortion is experiencing heavy bleeding. She says that she is being punished for loosing her baby. The healthcare team is providing treatment to manage the hemorrhage and ensure her safety.,Management of hemorrhage due to abortion,"How has the patient's hemorrhage following her abortion been managed, and what steps have been taken to ensure her safety?",Hemorrhage is punishment for loosing a baby.,Haemorrhage usually follows after an abortion. This should ust be managed and the mother will stabilize.,"Do tests like CBC, haemoglobin measurement. Blood grouping and cross-matching. Do an ultrasound scan. Give crystalloids like normal saline. Transfuse with blood if necessary. Do a vaginal exam and remove the retained products of conception. Maitain bladder drainage. give oxytocin as needed and misoprostol. start antibiotic therapy. give analgesics. perform manual vacuum aspiration."
"A 30-year-old woman in labor is experiencing shoulder dystocia, making it difficult to deliver the baby. She was told that failure to take clay herbs, emmumbwa (local name) causes one to have a difficult delivery. The healthcare team is working quickly to resolve the situation and ensure a safe delivery.",Shoulder dystocia (stuck shoulders),"How has the patient's shoulder dystocia been managed during labor, and what steps have been taken to ensure a safe delivery?",Refusal to take emmumbwa causes a difficult delivery.,Shoulder dystocia can happen pre-labor rupture of membranes. Local herbs can be disastrous because they usually have impurities.,Be calm and don’t panic or pull the baby. Call for help. Give a bilateral generous episiotomy. Explain to mother and gurrantee her cooperation. Put mother in McRoberts position and apply suprapubic pressure to deliver the baby. If it fails turn mother on all fours and do other manourvers to deliver the baby. prepare for newborn rescusitation.
"A 28-year-old woman in labor has a compound presentation, with the baby's hand presenting alongside the head. Her grandmother told her that this happens because the pelvis is too wide. The healthcare team is considering the best approach for a safe delivery.",Compound presentation,"How has the patient's compound presentation been managed during labor, and what approach has been taken for a safe delivery?",A very wide pelvis causes compound presentation.,"Compound presentation can be caused by prematurity, grand multiparity, polyhydrominous and others but not because the pelvis is too wide.",Do an ultrasound scan. Do abdominal examination and vaginal examination. Do not push back the extremities. Rescuitate mother with fluids and oxygen. Do pelvictometry to assess adequacy of pelvis. If there is no contraindication to vaginal delivery then wait for vaginal delivery.
"A 26-year-old woman in labor is experiencing prolonged labor, with slow progress in the active phase. She blames her in-lawas for tying her stomach and preventing her progress. The healthcare team is monitoring her closely and considering interventions to assist with the delivery.",Prolonged labor; Prolonged active phase,"How has the patient's prolonged labor and active phase been managed, and what interventions have been considered to assist with the delivery process?",Stomach was tied and so the hindrance to progress.,This is not scientifically proved. Prolonged active stage can be caused by insufficient contractions that can be corrected and labor progresses.,"Do an ultrasound scan. Rupture membranes and observes for meconium staining. Rescusitate mother with IV fluids. Augment labor with oxytocin if contractions are inadequate. Continue monitoring the labour until vaginal delivery is achieved, if it fails deliver baby by cesearean section."
"A 24-year-old woman in labor has a cord prolapse, with the umbilical cord descending before the baby. Drinking water when in labor causes polyhydrominous. The healthcare team is taking immediate action to prevent complications and ensure a safe delivery.",Cord prolapse,"How has the patient's cord prolapse been managed during labor, and what steps have been taken to prevent complications and ensure a safe delivery?",Drinking water when in labor causes polyhydrominous.,"Polyhrominous is one of the risk factorsnfor cord prolapse. Drinking water during labor only gives the mother energy and is protective to the baby, it does not lead to poly hydrominous.","Do a vaginal examination if membranes ruptured to check if cord is pulsating. Put mother in knee-chest position. Perform intrauterine rescusitation with fluids. Administer oxygen administration. Monitor fetal heartrate continuosly. Deliver baby by cesearean section. if mother is in second stage, then give an episiotomy and deliver by vacuum delivery or forceps delivery."
"A 29-year-old woman in labor is experiencing fetal distress, with changes in the baby's heart rate. She was told that if a pregnant woman sits on a grave, her baby dies. The healthcare team is monitoring the situation closely and considering options for a safe delivery.",Fetal distress,"How has the patient's fetal distress been managed during labor, and what options have been considered to ensure the well-being of the baby?",The baby dies when a pregnant woman sits on a grave.,"Sitting on a grave is not scientifically proved to cause fetal death in-utero. Fetal distress is caused by olighydrominous, prolonged labor, obstructed labor, abruptio placentae and pre-labor rupture of membranes.",Do an ultrasound scan. Rescusitate mother with fluids given intravenously. Administer oxygen using nasal prongs or face mask. Monitor fetal heart rate. Deliver baby by cesearean section. Prepare for newborn rescusitation.
"A 28-year-old woman in labor is experiencing difficulty due to a breech presentation. In her culture,  baby in breech is considered lucky and is regarded as a twin. The healthcare team is considering the best approach for a safe delivery.",Breech delivery,"How has the patient's breech presentation been managed during labor, and what approach has been taken for a safe delivery?",A breech baby is lucky and regarded as a twin.,"Scientifically, children are tiwns only when the pregnancy is not of a singleton. Breech presentation is risky as the child doesnot comeout easily and is at risky of birth injusries and having a low APGAR score.","Do an obstetric ultrasound scan. Assess fetal wellbeing. Do an abdominal and vaginal examination. Do pelctometry to assess adequacy of the uterus. Rescusitate mother with fluids. Prepare for newborn rescusitation. If there are no contraindications to vaginal delivery, perform manouevers to deliver the baby."
"A 30-year-old woman in labor has a face presentation, making the delivery process more challenging. She was told by her village mates that if she chants prayers, her baby will go into a good position. The healthcare team is monitoring her closely and providing guidance for a safe delivery.",Face presentation,"How has the patient's face presentation been managed during labor, and what steps have been taken to assist with the delivery process?",Chanting prayers corrects malpresentation.,Chanting prayers may help to build courage but it cannot turn the baby to another presentation.,"Do obstetric ultrsound scan. Allow labour to progress and deliver vaginally if the mento-anterior position. If mento-posterior position, the prepare mother for c-section."
"A 26-year-old woman in labor has a brow presentation, which is complicating the delivery process. Her grandmother gave her herbs to turn the baby to a good presentation. The healthcare team is considering interventions to assist with the delivery.",Brow presentation,"How has the patient's brow presentation been managed during labor, and what interventions have been considered to assist with the delivery process?",Herbs taken during labou can change the baby to a good presentation.,Herbs cannot turn the nbaby to another presentation. Herbs are also contradictory because they are associated with negativ side effects.,Do an obstetric ultrasound scan. Avoid labor induction and augmentation. Monitor fetal wellbeing. Prepare mother for a cesearean section.
"A 24-year-old woman in labor has a transverse lie, making a vaginal delivery impossible. She was told that this happened because a bad person touched on her stomach. The healthcare team is planning for a cesarean section to ensure a safe delivery.",Transverse lie,"How has the patient's transverse lie been managed during labor, and what steps have been taken to plan for a cesarean section?",Transverse lie is caused when a bad person touches the abdomen during pregnancy.,"When a person touches the abdomen, it does not influence the baby's presentation. Transverse lie can be caused by grand parity, prematurity, placenta previa and others.",Do obsteric ultrasound scan. Monitor fetal wellbeing.  Prepare mother for emergency cesearean section.
"A 29-year-old woman in labor has a shoulder presentation, which is obstructing the delivery process. She was told that shaking the abdomen corrects malpresentation and it make sthe baby to turn. The healthcare team is providing support and considering options for a safe delivery.",Shoulder presentation,"How has the patient's shoulder presentation been managed during labor, and what options have been considered for a safe delivery?",Shaking the abdomen makes the baby turn and corrects malpresentation.,"Malpresentation cannot be corrected by shaking the abdomen, external cephalic version can be tried with caution during ANC.",Do a thorough abdominal and vaginal examination. Do an ultrasound scan. Counsel mother on the procedures. Rescusitate the mother and ensure fetal wellbeing. Prepare mother for emergency cesearean section.
"A 28-year-old woman in labor is experiencing slow progress during the first stage. In her culture, a woman is not allowed to eat groundnuts because they will make her diarrhate while she pushes the baby. The healthcare team is monitoring her closely and considering interventions to assist with the labor process.",Management of the first stage of labor,"How has the patient's slow progress during the first stage of labor been managed, and what interventions have been considered to assist with the labor process?",Eating groungnuts during labour causes diarrhoea.,"Eating groundnuts is not only problematic when the mother is allergic to groundnuts, other than that diarrhoea maynot occur.","Take thorough history of the current pregnancy. Look, listen and feel the mother's response to contractions and different happenings during labor. Do vaginal and abdominal examination to confirm labor. Do tests like blood haemoglobin level, blood gouping and cross-matching and urinalysis for acetone, protein and sugar. Assess fetal wellbeing. Monitor progress of labor on the partograph. Maintain proper hygiene. Provide labor companionship. Ensure proper nutrition."
A 30-year-old woman in the second stage of labor is experiencing difficulty in pushing the baby out. She was told that a mother is not supposed to make any noise while pushing because it is a sign of weakness. The healthcare team is providing support and guidance to help her through the process.,Second stage of labor,"How has the patient been supported and guided during the second stage of labor, and what steps have been taken to assist with the delivery of the baby?",Making noise while pushing a baby is a sign of weakness.,"Labor is very painful, a woman is already a hero just by braving it. Making noise is not a measure of weakness.",Ensure that all the delivery equipment are present. Prepare the rescusitation corner. Assist mother into the most comfortable position. Ensure that the bladder is emptied continuosly. Provide emotional support. Allow the mother to push at a contraction. wait until the head is out and support the perineum.
"A 26-year-old woman has just delivered her baby and is in the third stage of labor. In her culture, when a placenta is difficult to deliver then there is another child in the womb. The healthcare team is monitoring the delivery of the placenta and ensuring that there is no excessive bleeding.",Third stage of labor,"How has the patient's third stage of labor been managed, and what measures have been taken to ensure the safe delivery of the placenta and prevent excessive bleeding?",Difficult delivery of the child is a sign that there is another child in the womb.,"During pregnancy, a midwife and obstetric scans can tell the presence of twins, difficult placental delivery doesnot indicate presence of a twin.","Massage uterus to rule out presence of an undiagonized twin. Administer oxytocin intramuscularly like 10 international units. Delay cord cutting and clampinf for 3 minutes. Clamp and cut the cord. Place hand above symphysis pubis and deliver the placenta by controlled cord traction. Check placenta for infacts, completeness and adnormalities."
"A 24-year-old woman has just delivered her baby and is in the fourth stage of labor. The healthcare team is providing postpartum care to ensure her well-being and the health of her newborn. In her culture, a woman who has just given birth is not supposed to sit on a bed or chair because air can enter the body through the open vagina.",Management of the fourth stage and first 24 hours,"How has the patient's fourth stage of labor and the first 24 hours postpartum been managed, and what care has been provided to ensure her well-being and the health of the newborn?","After delivery, a woman doesnot sit on the bed or chair because then, air enters the body through the vagina.","After a delivery, the vaginal opening doesnot remain as big, this therefore cannot happen.","Clean the mother and give her a pad. Massage uterus and make sure that there are no retained products. Empty the bladder. Monitor vital signs after 15 minutes for one hour, after 30 minutes for 2 hours and then 2 hourly in 24 hours. Given an analgaesic like tramadol. Allow mother to rest. Help her to initiate breathfeeding. Watch out for any danger signs."
"A 29-year-old woman with a prolonged labor requires induction to assist with the delivery process. She was told that she is not supposed to eat bananas, sweet potatoes and jackfruit because this delays clearing of vernix. The healthcare team is considering the use of oxytocin to augment her labor.",Induction and augmentation of labor; Augmentation of labor using oxytocin,"How has the patient's prolonged labor been managed, and what steps have been taken to induce and augment her labor using oxytocin?","Eating bananas, sweet potatoes and jackfruit delays clearing of vernix.","Vernix is the whitish fat like substance on the baby's skin at delivery. This helps the baby's skin to be healthy, it should not worry the mother as it clears with time on its own.",Do an ultrasound scan. Monitor the fetal wellbeing. Rescusitate mother with normal saline or ringer's lactate. Administer oxygen if deemed necessary. Do pelvictometry to check is pelvis is adequate. Deliver the child in the way possible.
A 30-year-old pregnant woman at 36 weeks of gestation is experiencing severe pain and discomfort due to a breech presentation. She was told that a baby in breech always has respiratory complications. She is concerned about the safety of her delivery and the health of her baby.,Breech presentation,"How has the patient's breech presentation been managed, and what steps have been taken to ensure a safe delivery and the health of the baby?",A baby in breech always has respiratory complications.,"A baby in breech goes through a dificult delivery and the risk is high, he or she usually needs rescusitation and if this is done properly the baby remains healthy without any complications.",Do an ultrasound scan. Monitor the fetal wellbeing. Rescusitate mother with normal saline or ringer's lactate. Administer oxygen if deemed necessary. Do pelvictometry to check is pelvis is adequate. Deliver the child in the way possible by employing manourvers like smel-viett.
A 28-year-old pregnant woman has been diagnosed with gestational diabetes during a routine glucose tolerance test. She is worried about the impact of gestational diabetes on her pregnancy and the well-being of her baby. She is worried that it never heals and that she has to stay away from all sweet things.,Gestational diabetes,"How has the patient's gestational diabetes been managed during her pregnancy, and what measures have been taken to ensure the health of the baby?",Gestation diabetes never heals and one has to avoid all sweet things.,"Gestational diabetes resolves after delivery in most cases, though the risk of it reoccuring in subsequent pregnancies stands. With gestational diabetes, one can still eat sweet things as long as the blood sugar level is within normal ranges. A diet change is still necessary though.","Do a random blood sugar test. Do an ultrasound scan. Do other tests like eye exam, LFT, RFT, HBA1C, urine albumin creatinine ratio, lipid profile and serum vitamin B12. Improve the diet. Do some exercises. Follow the treatment plan."
A 24-year-old pregnant woman at 34 weeks of gestation is experiencing regular contractions and signs of preterm labor. She was told that drinking caffeine makes the baby restless thus causing preterm labour. She is anxious about the possibility of delivering her baby prematurely and the associated risks.,Preterm (premature) labor,"How has the patient's preterm labor been diagnosed and managed, and what steps have been taken to ensure the well-being of the baby?",Drinking caffeine while pregnant makes the baby restless thus causing preterm labour.,"Caffeine predisposes to abortions, lowbirth weight and others but not preterm labor. Preterm labor is caused by infections, multiple pregnancy, preeclampsia, drugs trauma and others.","Do an obstetric ultrasound scan. Do tests like mRDT malaria test and any other tests to establish any infection and treat. Administer emergency medicines like dexamethasone, antibiotics and magnesium sulphate. Get plenty of bedrest. Monitor fetal wellbeing."
A 26-year-old pregnant woman at 37 weeks of gestation has experienced a sudden gush of clear fluid from her vagina. She was told that this is caused by sexual intercourse. She is concerned about the rupture of membranes and the potential risk of infection.,Pre-labor rupture of membranes (PROM),"How has the patient's pre-labor rupture of membranes been managed, and what measures have been taken to prevent infection and ensure a safe delivery?",Sexual intercourse causes pre-labour rupture of membranes.,"Sexual intercourse does not play a role because it cannot rupture membranes. It is caused by infections, multiple pregnancy and others.","Do an ultrasound scan. Do tests like CBC, and urinalysis. Take antibiotics. Encourage plenty of bedrest. Monitor fetal wellbeing 2 hourly. Plan for delivery. Do pelvictometry to assess adequacy of the pelvis. Induce labour if it does not start spontaneous"
A 29-year-old pregnant woman is expecting twins and is seeking guidance on the management of her multiple pregnancy. She is concerned about the increased risks associated with multiple pregnancies and the health of her babies. She was told that the babies usually come out before term and that they always have a low birth weight.,Multiple pregnancies,"How has the patient's multiple pregnancy been managed, and what steps have been taken to address the increased risks and ensure the health of the babies?",Babies usually come out before term and they have a low birth weight.,"Babies are at risk of being delivered before term and having a low birth weight but this is not always the case. In many cases, multiple pregnancies have been carried to term.",Do an obstetric ultrasound scan. Attend ANC regularly. Take iron supplements regularly. Have a thourough abdominal examination done. Eat a balanced diet. Take plenty of fluids. Get enough rest. 
A 30-year-old pregnant woman with a history of anaemia is feeling weak and tired. She was told that anaemia is caused by sitting while cross-legged during pregnancy. She is worried about the impact of anaemia on her pregnancy and the health of her baby.,Goal-oriented ANC; Anaemia in pregnancy,"How has the patient's anaemia been managed during her antenatal care, and what steps have been taken to ensure the health of her baby?",Sitting while cross-legged causes anaemia in pregnancy.,"Anaemia is pregnancy occurs when the haemoglobin level is below 11g/dl, it can be mild moderate or severe. It is caused by excessive breakdown of red blood cells like in malaria or less preduction of red blood cells like in cases of iron deficiency.","Do tests for HB estimation, a full haemogram and other tests like urinalysis, sickle cells test, reticulocyte count, malaria test and others. Rest in propped up position. Administer oxygen by facemask. Administer fluids intravenously like normal saline. Transfuse with packed cells. Increase intake of iron supplements. Treat any underlying illness. "
"A 25-year-old pregnant woman who lives in a malaria-endemic region has been diagnosed with malaria. In her area, people say that malaria is caused by one saying a pittifull word to a malaria victim. She is concerned about the effects of malaria on her pregnancy and the well-being of her unborn child.",Management of malaria in pregnancy,"What measures have been taken to manage the patient's malaria during her pregnancy, and how has the health of the unborn child been considered?",Saying a pittiful word to a malaria victim gets the disease transferred to you.,"Pittying a malaria victim does not cause malaria, it is caused by a bite from an infected female anopheles mosquito.","Do a blood slide test, CBC, urinalysis, HIV serology test, blood culture and others. Take an analgesic and antipyretic like paracetamol. Take antimalarials prescribed from a recognized facility. Take plenty of fluids. Eat a balanced diet. Increase the nutritional intake of iron, proteins and vitamins."
A 32-year-old pregnant woman with a history of hypertension is experiencing headaches and swelling of her hands and feet.  She was told that this is caused when a pregnant woman jumps over the ashes from a bush fire. She is concerned about the risk of preeclampsia and the impact of hypertension on her pregnancy.,Management of hypertensive disorders in pregnancy,"How has the patient's hypertension been managed during her pregnancy, and what steps have been taken to prevent complications such as preeclampsia?",Jumping over ashes from a bush fire causes preeclampsia.,"This is not scientifically proved. Preeclampsia is caused by trophoblastic invasion from the placenta, vesseal narrowing, genetic predisposition and prior preeclampsia.","Do an obstetric ultrasound scan. Do tests like CBC, blood grouping and cross-matching, RFTs, LFTs and urinalysis. Administer magnesium sulphate to prevent convulsions. Administer antihypertensives and encourage patient to adhere. Draw a treatment plan. "
"A 28-year-old pregnant woman is experiencing severe nausea and vomiting, leading to dehydration and weight loss. She is worried about the effects of hyperemesis gravidarum on her health and the development of her baby. She was told that leaking clay soil can help prevent the vomiting.",Hyperemesis gravidarum,"How has the patient's hyperemesis gravidarum been diagnosed and managed, and what measures have been taken to ensure her well-being and the health of her baby?",Leaking clay soil prevents vomiting.,Clay soil is not scientifically proved to remedy hyperemesis gravidarum. It may even contain substances that maybe be disastrous to health.,"Get up slowly from the bed. Brush teeth one hour after a meal. Avoid spicy and fatty foods. Eat small, frequent meals. Eat dry foods like cassava. Drink ginger tea. Inhale peppermint oil. Take antiemetics like metoclopramide. Increase fluid intake to counter dehydration. "
"A 26-year-old pregnant woman has received the devastating news of intrauterine fetal death during a routine ultrasound examination. She is distraught and seeks support and guidance on the next steps. In her culture, intrauterine fetal death is a curse and it is a sign that a woman will never have any other baby.",Intrauterine fetal death,"How has the patient been supported and guided following the diagnosis of intrauterine fetal death, and what steps have been taken to manage the situation?",Intrauterine fetal death is a curse and a sign that the woman will never have any other children.,"Intrauterine fetal death can be caused by pregnancy complications, a woman is fully capable of carrying another child as long as the pregnancy is well monitored and there is timely management of complications.","Do an obstetric uktrasound scan. Do tests like CBC, blood grouping and cross-matching and urinalysis. Counsel mother and partner on the condition and the possible causes. Draw a plan of management together with the couple or mother. Advise on family planning."
"A 30-year-old breastfeeding mother, who had mastitis a month ago, comes to the clinic complaining of a painful, swollen lump in her right breast. She was told that a breast abscess is caused when a woman knocks her breast against a hard surface. The lump has not responded to home remedies and she has developed a fever.",Breast abscess,"How was the patient's breast abscess diagnosed and managed, considering her previous history of mastitis?",Breast abscess is caused by a woman knocking her breast against a hard surface.,A breast ascess usually follows mastitis. It is a bacterial infection. It is not connected to knocking one's breast against a hard surface. Though of course knocking a breast against a hard surface can be disastrous espescially if the impact is so strong.,"Use a warm compress. Continue breastfeeding. Maintain good hygiene. Get a bra to support the breast, avoid the uncomfortable one. Follow the treatment plan by takng antibiotics according to the dosage."
A 25-year-old pregnant woman has been diagnosed with HIV/AIDS during her first antenatal visit.  She is worried that her childwill be malnourished and dull. She is concerned about the health of her unborn child and the impact of her condition on her pregnancy.,HIV/AIDS in pregnancy,"What steps have been taken to manage the patient's HIV/AIDS during her pregnancy, and how has the health of the unborn child been considered?",Babies always be malnourished and dull.,"With HIV/AIDS in play, a child grows normally as long as the woman adheres to her medication and ensures maximum care during pregnancy.",Do a viral load count. Get advise on the best way to take medication. Attend ANC regularly. Eat a balanced diet. Take plenty of fluids. Get enough rest. Do timely treatment of infections. Plan to deliver from a recognized facility and inform your health provider about your status to ensure maximum care.
"A pregnant woman living in a region affected by an outbreak of Ebola virus disease has been diagnosed with the virus after experiencing fever, bleeding, and weakness. She is worried about the implications for her pregnancy and the health of her baby. She was told that ebola is a deadly disease and one never heals from it.","Viral hemorrhagic fever (Ebola, Marburg, Lassa, Yellow Fever, etc.)","How was the patient's viral hemorrhagic fever diagnosed and managed during her pregnancy, considering the ongoing outbreak in her region?",Ebola is a death sentence.,"Ebola is a deadly disease indeed but if managed urgently, one has some chances to survive.",Avoid gatherings and fluids of an infected person. Report to the health facility urgently. Take treatment as prescribed. Monitor fetal welbeing.
A 32-year-old pregnant woman who tested positive for COVID-19 is in labor. She fears that her baby will get COVD-19 while in the womb. She is anxious about the risk of transmission to her baby and the necessary precautions during delivery.,Intrapartum care for COVID-19 in pregnancy,"What measures have been taken to provide intrapartum care for the patient with COVID-19, and how has the risk of transmission to the newborn been addressed?",The unborn child gets COVID-19 in-utero.,The unborn child doesnot suffer from COVID-19 but his or her health can be affected by the mother being sick espescially when she is short of breath.,Isolate from people untill well. Eat a balanced diet. Wash hands regularly. Sanitize surfaces regularly. Take plenty of fluids. Eat more fruits. Take immunity boosters like vitamin supplements.
A 28-year-old woman who recently gave birth has been diagnosed with COVID-19. She is concerned about the impact of the virus on her postpartum recovery and her ability to care for her newborn. She claims that natural immunity is better than vaccine immunity and so she doesnot want to take the vaccine.,Postpartum care in COVID-19 mothers,"What postpartum care has been provided to the patient with COVID-19, and how has the care of her newborn been managed?",Natural immuity is better than the vaccine immunity.,The vaccine provides immuinity with out the damaging effects of the disease. COVID-19 can causes various complications if not managed urgently.,Isolate from people untill well. Express milk for the baby to feed. Wash hands regularly. Sanitize surfaces regularly. Take plenty of fluids. Eat more fruits. Take immunity boosters like vitamin supplements.
"A newborn is delivered in a rural health facility. The healthcare staff quickly assess the baby's condition and provide the necessary immediate care. In the mother's culture, the mother must make a fist when breastfeeding to ensure that the baby gets satisfied. The mother is anxious about her baby's health and well-being.",Care of the newborn; Immediate care in the first 60 minutes,"What immediate care was provided to the newborn in the first 60 minutes, and how was the mother reassured about her baby's well-being?",Make a fist while breastfeeding so that the baby gets satisfied.,"There is no scientific proof of this, a baby gets satisfied as long as he or she is well positioned. Many women breastfeed their babies without making fists and their babies feed just fine.",Note the time of delivery. Dry the baby and keep the bay dry. Cut the cord and ensure that it is not bleeding. Maintain skin-to-skin with the mother. Initiate breastfeeding within the hour. Check for any obvious abnormalities. Weigh the baby and take the length as well. Administer the routine medication like tetracycline and vitamin K. Monitor the vital signs.
"A 3-day-old newborn is brought to the clinic with signs of difficulty breathing and poor feeding. The parents were told that if hold the baby upside down for some minutes, the breathing improves. The parents are worried about their baby's health and seek prompt medical attention.",Care provided for a newborn identified with danger signs,"What care has been provided to the newborn identified with danger signs, and how were the parents involved in the care process?",Holding a abby upside down improved his or her breathing.,Holding a baby upside down is risky because it can lead to peripheral cyanosis and there is no scientific proof that this clears the difficulty in breathing.,Check if baby has passed stool and urine. Check for nasal atresia. Check for anal partency. Check for presence of the different reflexes like rooting and suckling. Check for bilateral chest movements. Monitor the fetal vital signs. Observe the nature of the baby's cry. Do an xray on the baby. Check for nasal blockage. Follow the treatment plan.
"A 5-day-old newborn with jaundice requires referral to a higher-level facility for specialized care. In the mother's culture, a baby is not supposed to be taken out until after 4 days post delivery. The parents are concerned about the referral process and the well-being of their baby during the transfer.",Referral of a sick newborn,"What steps have been taken to refer the sick newborn to a higher-level facility, and how were the parents involved and reassured during the referral process?",A baby remains inside till after 4 days post delivery.,Jaundice can be prevented by exposing a child to the early morning sunshine and taking the baby out doesnot affect the health of the baby as long as the environmant is clean.,Expose the child to the early morning sunshine to promote exretion of bilirubin. Breastfeed the child regularly. Note down the child's records on the referral note. Transport the baby while warm to the health facility of referral.
A local community in a remote area is participating in a reproductive health program to improve maternal and newborn health outcomes. Some members in the community claim that marternal and newborn health concerns the women only. Community leaders and members actively engage in the program's activities.,Community participation in reproductive health programs,"What role has the community played in the reproductive health program, and how has their participation contributed to the improvement of maternal and newborn health outcomes?",Maternal and newborn health only concerns women.,Male involvement is crutial for the success of maternal and newborn health programs. ,Sensitive the males about the importance of their involvement in maternal and newborn health programs. Encourage male headed group activities. Encourage the involvement of the local leaders. Engange the commuity in order to secure their participation. Encourage problem and solution approach.
A 24-year-old pregnant woman with severe preeclampsia requires referral to a tertiary hospital for further management. The nurse argues that she should give magnesium sulphate to control the blood pressure. The healthcare staff at the clinic coordinate the referral process and ensure a smooth transfer.,Referral,"What steps have been taken to refer the patient with severe preeclampsia to a higher-level facility, and how was the referral process coordinated?",Magnesium sulphate should be given to control blood pressure.,Magnesium sulphate is an anticonvulsant but not an antihypertensive.,Magnesium sulphate should be administered to prevent convulsions. Antihypertensives should be administered like nifedipine and methyldopa. Escort patient with a detailed record in her file. Resusitate mother with fluids like normal saline or ringer's lactate. Transfer mother to the referral hospital as soon as possible. 
"A healthcare facility in a rural area is experiencing a shortage of essential health supplies, impacting the quality of care provided to patients. The staff work together to find solutions and ensure the best possible care. The patients say that they should always be given priority when it comes to health care.",Health supplies,"What measures have been taken to address the shortage of health supplies at the facility, and how has the staff worked together to ensure the continued provision of quality care?",Patients should always be given priority when it comes to health care.,Patients are at the center of health care but the healthcare providers must ensure their health first before caring for patients.,Encourage care for the carer. Improve on hospital management. Continuously take stalk of the hospital supplies. Apply for the required supplies systematically.
